Date,Open,High,Low,Close,Adj Close,Volume
7/22/2015,71.269997,71.940002,71.169998,71.360001,63.412666,739700
7/23/2015,71.260002,71.260002,70.699997,70.82,62.932804,1164800
7/24/2015,70.860001,71.010002,69.68,70,62.204117,715800
7/27/2015,69.519997,69.709999,68.57,69.540001,61.795364,1404100
7/28/2015,69.639999,69.709999,68.629997,69.309998,61.590973,1337100
7/29/2015,69.589996,70.199997,69.099998,70.040001,62.610023,2291600
7/30/2015,69.57,70.169998,69.07,70.07,62.636837,1197600
7/31/2015,70.199997,71.209999,69.879997,71.139999,63.593342,1478000
8/3/2015,71.110001,71.349998,69.669998,70.18,62.735165,1653500
8/4/2015,70.209999,70.25,69.470001,69.589996,62.207775,1699600
8/5/2015,69.889999,70.699997,69.760002,70.410004,62.940796,3451100
8/6/2015,72.300003,74.099998,71.82,73.760002,65.935432,3842000
8/7/2015,73.489998,73.489998,72.389999,72.989998,65.247093,1695800
8/10/2015,73.43,73.639999,72.489998,72.75,65.032547,1243800
8/11/2015,72.160004,72.879997,71.830002,72.519997,64.826965,1555600
8/12/2015,71.959999,72.419998,71.690002,72.230003,64.567726,1114900
8/13/2015,72.169998,72.410004,71.480003,71.620003,64.022423,834300
8/14/2015,71.519997,71.82,70.849998,71.629997,64.031364,681300
8/17/2015,71.269997,73.260002,71.059998,73.230003,65.461624,1830900
8/18/2015,73.160004,74.330002,73.120003,73.269997,65.497375,1557800
8/19/2015,72.959999,73.75,72.449997,73.400002,65.613609,1709500
8/20/2015,72.769997,72.839996,71.980003,71.989998,64.35318,1617300
8/21/2015,71.43,71.639999,69.980003,69.980003,62.556412,2143900
8/24/2015,66.519997,68,63.91,66.480003,59.427689,5034500
8/25/2015,68.029999,68.18,65.139999,65.190002,58.27454,2716100
8/26/2015,66.5,66.800003,64.620003,66.68,59.606468,2206200
8/27/2015,67.029999,68.050003,66.139999,67.099998,59.981903,1596900
8/28/2015,66.830002,67.389999,66.650002,67.139999,60.017658,1147300
8/31/2015,67.050003,68.779999,67.029999,68.089996,60.866894,1813700
9/1/2015,66.830002,67.32,66.010002,66.300003,59.266777,1823300
9/2/2015,66.959999,67.169998,65.769997,66.800003,59.71373,1347200
9/3/2015,66.870003,67.93,66.720001,66.959999,59.856766,1606300
9/4/2015,66.459999,67.949997,66.059998,67.269997,60.133888,1596200
9/8/2015,68.25,69.410004,68.019997,69.290001,61.939606,2054600
9/9/2015,69.800003,69.910004,68.269997,68.440002,61.179756,1461900
9/10/2015,68.489998,69.75,68.050003,69.260002,61.912773,1544900
9/11/2015,68.970001,69.379997,68.279999,69.349998,61.99324,1507400
9/14/2015,69.349998,69.550003,68.849998,69.089996,61.760818,1346900
9/15/2015,69.419998,72.709999,68.830002,72.639999,64.934235,3844100
9/16/2015,80.699997,83.300003,80.300003,82.980003,74.17733,20381700
9/17/2015,82.800003,83.75,81.699997,82.599998,73.837639,7079700
9/18/2015,81.519997,84.519997,81.519997,84.379997,75.428825,7130500
9/21/2015,85.760002,85.790001,83.389999,83.669998,74.794136,3932100
9/22/2015,82.809998,83.410004,81.300003,82.889999,74.09687,3324000
9/23/2015,82.949997,83.459999,82.610001,82.790001,74.007507,3151000
9/24/2015,82.239998,82.650002,80.800003,81.110001,72.505722,3224600
9/25/2015,81.699997,82.830002,81.629997,82.300003,73.569466,2112600
9/28/2015,82.5,84.57,82.010002,82.389999,73.649925,4958100
9/29/2015,82.580002,83.349998,80.160004,82,73.301292,5460000
9/30/2015,83.040001,83.870003,81.790001,83.019997,74.213089,2535200
10/1/2015,83.019997,83.82,82.559998,83.239998,74.409752,2271100
10/2/2015,82.459999,83.860001,81.989998,83.839996,74.946091,2256900
10/5/2015,84.400002,85.050003,83.849998,84.260002,75.321564,2669200
10/6/2015,82.230003,82.839996,80.949997,80.989998,72.398445,4301800
10/7/2015,81.5,82.269997,79.459999,82.209999,73.489014,4049200
10/8/2015,81.980003,82.68,80.129997,82,73.301292,3751700
10/9/2015,81.919998,82.419998,81.370003,81.610001,72.952682,3787600
10/12/2015,82.5,82.870003,78.169998,78.75,70.396065,5811500
10/13/2015,86.739998,89,85.720001,86.580002,77.395439,14511800
10/14/2015,86.800003,86.980003,85.419998,86,76.876976,3207800
10/15/2015,86.410004,87.949997,86.029999,87.760002,78.450279,3588500
10/16/2015,88.029999,88.410004,87.309998,88.300003,78.932991,2705500
10/19/2015,88.279999,88.800003,87.870003,88.129997,78.781021,2058800
10/20/2015,88.129997,88.690002,87.580002,88.5,79.111763,1694900
10/21/2015,88.599998,88.889999,87.650002,87.910004,78.584358,1414500
10/22/2015,88.040001,88.769997,87.800003,88.07,78.727394,1704100
10/23/2015,88.690002,88.690002,87.529999,88.480003,79.09391,1803600
10/26/2015,88.279999,88.68,87.559998,88.239998,78.879341,1007500
10/27/2015,87.889999,88.07,86.279999,86.709999,77.511658,1659500
10/28/2015,86.839996,88.32,86.839996,87.970001,78.637993,1928900
10/29/2015,87.970001,88.489998,87.129997,87.489998,78.208908,1118700
10/30/2015,87.949997,88.639999,87.120003,88.099998,78.754204,1328800
11/2/2015,88.07,88.830002,87.669998,88.709999,79.299492,1317700
11/3/2015,88.25,88.639999,87.459999,87.900002,78.575409,2545500
11/4/2015,87.900002,88.199997,86.660004,87.419998,78.146355,1889600
11/5/2015,87.279999,88.480003,86.120003,87.82,78.503914,1243700
11/6/2015,87.330002,87.910004,86,87.57,78.280411,1423600
11/9/2015,87.410004,87.699997,86.510002,87.360001,78.092697,1897600
11/10/2015,87.32,90.589996,86.660004,88.309998,78.941925,5595400
11/11/2015,88.150002,93.349998,87.199997,92.190002,82.410316,10523400
11/12/2015,91.860001,94.629997,91.449997,92.120003,82.347755,5049200
11/13/2015,91.610001,94.260002,91.510002,93.809998,83.858467,3859000
11/16/2015,94.32,95.160004,92.910004,93.879997,83.921028,2882600
11/17/2015,94.349998,95.489998,93.879997,95.129997,85.038429,2437100
11/18/2015,95.360001,95.739998,93.32,94.089996,84.108772,1968500
11/19/2015,94.410004,94.410004,93.129997,93.879997,83.921028,2248900
11/20/2015,94.360001,94.510002,92.389999,92.5,82.687447,2214700
11/23/2015,93.150002,93.410004,91.989998,92.25,82.463959,2020500
11/24/2015,92.209999,92.660004,91.620003,92.110001,82.338806,1818200
11/25/2015,92.239998,92.970001,92.029999,92.5,83.057144,2367700
11/27/2015,92.769997,93.720001,92.290001,93.370003,83.838333,659200
11/30/2015,93.379997,94.150002,91.949997,92.029999,82.635124,1644500
12/1/2015,92.339996,93.540001,92.269997,93.169998,83.658752,1193200
12/2/2015,93,93.330002,92.370003,92.75,83.281624,1235300
12/3/2015,92.699997,93.190002,91.410004,91.959999,82.572273,2261700
12/4/2015,92,95.510002,91.989998,95.139999,85.427643,2537900
12/7/2015,95.220001,95.239998,94.239998,94.75,85.077461,1278400
12/8/2015,94.279999,94.809998,92.75,94.589996,84.933784,2175800
12/9/2015,94.209999,95.129997,93.239998,93.720001,84.152596,1132800
12/10/2015,93.599998,94.18,93,93.389999,83.856285,1096600
12/11/2015,92.220001,93.93,92.010002,92.68,83.218781,2142100
12/14/2015,92.550003,93.150002,90.93,91.910004,82.527367,1948800
12/15/2015,92.75,94.389999,92.190002,93.720001,84.152596,1955900
12/16/2015,94.019997,94.550003,92.559998,94.160004,84.547684,1922000
12/17/2015,94.169998,95.129997,93.260002,93.720001,84.152596,1042900
12/18/2015,93.279999,93.620003,92.5,92.550003,83.102043,1866800
12/21/2015,93.389999,93.410004,92.290001,92.730003,83.263664,1240800
12/22/2015,93.07,93.510002,92.190002,93.139999,83.631813,1247100
12/23/2015,93.419998,93.980003,92.910004,93.959999,84.368103,903200
12/24/2015,94.050003,94.410004,93.760002,93.980003,84.386047,454800
12/28/2015,93.540001,93.540001,92.779999,93.440002,83.901192,686900
12/29/2015,93.989998,95.040001,93.769997,94.889999,85.203163,912400
12/30/2015,95.019997,95.029999,94.190002,94.540001,84.888901,808100
12/31/2015,94.199997,94.639999,93.849998,93.919998,84.332176,758800
1/4/2016,92.970001,92.970001,91.43,92.290001,82.868584,2293700
1/5/2016,92.540001,93.099998,91.580002,92.639999,83.182877,1824300
1/6/2016,91.620003,91.830002,90.360001,90.800003,81.530685,2187700
1/7/2016,89.919998,91.519997,89.800003,90.349998,81.12664,2491300
1/8/2016,90.459999,90.870003,88.970001,89.220001,80.111992,1675800
1/11/2016,89.419998,90.120003,87.860001,88.470001,79.438545,1810400
1/12/2016,89.080002,89.699997,88.519997,89.580002,80.435249,2248900
1/13/2016,89.669998,89.949997,87.410004,87.589996,78.648369,2380200
1/14/2016,87.650002,88.489998,84.739998,86.739998,77.885155,4253600
1/15/2016,85.150002,86.290001,83.830002,86.029999,77.24762,3435200
1/19/2016,87.029999,87.669998,86.029999,87.199997,78.298195,2154100
1/20/2016,86.410004,86.989998,85.309998,86.269997,77.463127,3143800
1/21/2016,87.459999,87.629997,86.040001,86.57,77.732513,2463300
1/22/2016,87.910004,90.099998,87.860001,88.900002,79.824654,1701900
1/25/2016,88.519997,88.800003,87.489998,87.599998,78.657356,1396200
1/26/2016,87.769997,88.739998,86.93,87.760002,78.801033,2159200
1/27/2016,85.160004,89.43,84.400002,87.75,78.792038,3755200
1/28/2016,88.139999,89.559998,87.800003,88.449997,79.420586,2743900
1/29/2016,88.470001,90.970001,88.050003,90.480003,81.243355,20928900
2/1/2016,90.5,92.410004,90.080002,91.910004,82.527367,4963900
2/2/2016,91.459999,91.639999,90.589996,91.550003,82.204132,2676700
2/3/2016,91.839996,91.900002,88.940002,89.970001,80.785431,2231600
2/4/2016,89.959999,89.959999,86.889999,87.629997,78.684296,3074000
2/5/2016,87.330002,87.730003,86.080002,86.949997,78.073715,2917100
2/8/2016,86,86.18,83.800003,83.900002,75.335075,5427800
2/9/2016,83.629997,85.300003,83.029999,83.870003,75.308151,3343800
2/10/2016,84.529999,85.239998,84.080002,84.18,75.586487,1869500
2/11/2016,82.769997,84.199997,80.779999,83.629997,75.092636,2993200
2/12/2016,83.5,84.639999,83.300003,84.139999,75.550568,2057000
2/16/2016,85.279999,85.290001,83.459999,84.660004,76.017509,2386900
2/17/2016,85.279999,86.519997,84.730003,86.239998,77.436195,1963300
2/18/2016,86,86.099998,84.660004,84.730003,76.080353,2149300
2/19/2016,84.730003,85.599998,84.239998,85.550003,76.81665,1383600
2/22/2016,85.550003,86.989998,85.550003,86.830002,77.965973,1506500
2/23/2016,86.43,87.419998,85.230003,85.599998,76.861519,1700000
2/24/2016,85.139999,86.260002,84.639999,86.139999,77.346428,1207100
2/25/2016,85.800003,86.650002,85.190002,86.629997,77.786385,1068300
2/26/2016,86.610001,86.879997,85.029999,85.190002,76.493385,1225500
2/29/2016,85.150002,86.440002,84.940002,85.269997,76.565208,2843000
3/1/2016,86.089996,86.970001,85.589996,86.540001,77.705582,1302800
3/2/2016,86.150002,86.660004,85.43,86.629997,77.786385,1487300
3/3/2016,86.400002,88.540001,86.120003,88.540001,79.879448,1812900
3/4/2016,88.989998,90.349998,88.809998,90.220001,81.395119,2076600
3/7/2016,89.949997,90.650002,89.010002,89.330002,80.592201,1516100
3/8/2016,88.800003,89.160004,88.029999,88.400002,79.753136,969100
3/9/2016,88.599998,90.529999,88.239998,90.379997,81.539474,1395100
3/10/2016,90.779999,91.919998,90.330002,91.809998,82.829582,1685600
3/11/2016,91.989998,92.760002,91.120003,92.459999,83.416023,1975900
3/14/2016,92.169998,92.699997,90.330002,92.5,83.45211,1330600
3/15/2016,92.349998,92.949997,92.010002,92.800003,83.722771,1090500
3/16/2016,92.25,93.379997,91.900002,93.190002,84.074615,1255700
3/17/2016,93.370003,94.610001,93.370003,94.43,85.193314,1163700
3/18/2016,94.43,94.489998,93.120003,93.459999,84.318207,2440900
3/21/2016,93.709999,93.760002,92.610001,93.519997,84.372337,1128000
3/22/2016,93.559998,94.919998,93.080002,94.830002,85.554176,1414700
3/23/2016,94.830002,95.709999,94.32,95.519997,86.176704,1690500
3/24/2016,94.629997,95.32,94.559998,95.309998,85.987244,1228500
3/28/2016,95.300003,96.199997,94.940002,95.400002,86.068443,1005000
3/29/2016,95.050003,96.120003,94.879997,96.110001,86.709,1210100
3/30/2016,96.75,97,95.910004,96.07,86.672913,908500
3/31/2016,95.900002,96.940002,95.599998,96.18,86.772141,1530100
4/1/2016,95.459999,97.029999,95.290001,96.949997,87.466812,1339600
4/4/2016,96.709999,97.25,95.68,96.010002,86.61879,1400300
4/5/2016,95.120003,95.25,93.550003,93.980003,84.787338,1494500
4/6/2016,94.07,94.300003,93,93.989998,84.796356,1651400
4/7/2016,92.910004,93.25,91.879997,92.300003,83.271667,1400600
4/8/2016,91.440002,93.239998,91.169998,93.120003,84.011467,1827700
4/11/2016,93.400002,93.900002,92.75,92.849998,83.767876,972400
4/12/2016,92.730003,93.370003,92.349998,92.870003,83.785919,1324200
4/13/2016,93.330002,93.440002,92.519997,92.919998,83.831032,1001200
4/14/2016,92.839996,96.410004,92.459999,95.730003,86.36618,2900600
4/15/2016,96,96.919998,95.25,96.879997,87.403679,1807900
4/18/2016,96.480003,96.93,96,96.68,87.223244,941300
4/19/2016,97.150002,98.269997,96.699997,97.75,88.188583,1466200
4/20/2016,97.43,97.650002,96.550003,96.779999,87.313446,867800
4/21/2016,96.339996,96.599998,95.120003,95.519997,86.176704,1218400
4/22/2016,95.099998,95.75,94.099998,95.629997,86.27594,1012200
4/25/2016,95.629997,96.5,94.93,96.440002,87.006706,985600
4/26/2016,96.839996,96.839996,95.769997,96,86.609756,979900
4/27/2016,96.120003,96.639999,95,95.809998,86.438347,1176300
4/28/2016,95.019997,95.970001,94.940002,95.669998,86.312027,1170600
4/29/2016,95.489998,96.599998,95.019997,95.629997,86.27594,1375300
5/2/2016,95.559998,97.139999,95.349998,96.769997,87.304443,2070100
5/3/2016,96.769997,99.449997,96.050003,98.309998,88.69381,2772100
5/4/2016,97.769997,98.879997,96.800003,98.169998,88.56749,1595600
5/5/2016,98.389999,98.709999,97.889999,98.470001,88.838142,1024300
5/6/2016,98.410004,98.529999,97.339996,98.300003,88.684769,683100
5/9/2016,98.379997,99.489998,98.269997,99.129997,89.433609,993000
5/10/2016,99.339996,100.279999,98.849998,99.940002,90.164368,1029000
5/11/2016,100.019997,100.449997,99.25,99.489998,89.758385,688300
5/12/2016,100.099998,100.099998,98.879997,99.730003,89.974899,901600
5/13/2016,99.669998,99.849998,98.400002,98.760002,89.099777,936600
5/16/2016,98.970001,100.230003,98.790001,99.809998,90.047081,752200
5/17/2016,99.660004,100.040001,97.849998,98.220001,88.612595,1344300
5/18/2016,97.919998,98.050003,96.419998,96.709999,87.250305,1862200
5/19/2016,96.709999,97.57,96,97.489998,87.954025,859000
5/20/2016,97.860001,97.860001,96.400002,96.720001,87.259331,1258400
5/23/2016,96.639999,97.459999,96.169998,97.220001,87.710426,679900
5/24/2016,97.790001,99.410004,97.459999,99.169998,89.469681,1022500
5/25/2016,99.190002,100.160004,97.910004,99.43,89.704247,878300
5/26/2016,99.32,100.110001,98.760002,99.360001,89.64109,712300
5/27/2016,99.419998,100.620003,99.040001,100.199997,90.398933,1006700
5/31/2016,100.309998,100.480003,98.769997,99.18,89.478706,1529500
6/1/2016,99.18,102.18,99.18,102.169998,92.176224,2411200
6/2/2016,101.82,101.970001,100.940002,101.940002,92.339287,902400
6/3/2016,101.419998,102.599998,101.419998,102.470001,92.819359,829700
6/6/2016,102.769997,103.07,102.129997,102.959999,93.263229,631700
6/7/2016,103.029999,103.07,101.419998,101.709999,92.130951,1575900
6/8/2016,101.690002,103.75,101.690002,103.599998,93.842949,1551000
6/9/2016,102.849998,103.639999,102.480003,103.379997,93.643669,1438700
6/10/2016,102.900002,104.150002,102.660004,103.690002,93.924469,2208200
6/13/2016,103.220001,104.120003,101.5,101.580002,92.013176,2111200
6/14/2016,101.300003,101.519997,99.199997,100.550003,91.080193,1964200
6/15/2016,100.900002,101.239998,100.010002,100.18,90.745041,1386400
6/16/2016,99.82,100.940002,99.43,100.839996,91.34288,996700
6/17/2016,101.080002,101.169998,99.860001,100.309998,90.862801,1474900
6/20/2016,101.709999,102.129997,101.050003,101.050003,91.533104,1068200
6/21/2016,101.150002,102.239998,101.099998,102.07,92.457047,926200
6/22/2016,102.389999,102.699997,101.410004,101.510002,91.949776,764100
6/23/2016,102.349998,102.709999,101.660004,101.949997,92.348343,773800
6/24/2016,98.540001,99.519997,97.300003,98.080002,88.842819,3631900
6/27/2016,97.470001,98.059998,95.57,96.18,87.121758,2195700
6/28/2016,97.349998,98.580002,95.699997,96.639999,87.538445,2374100
6/29/2016,97.580002,99.040001,96.800003,98.440002,89.168915,2764100
6/30/2016,99.199997,102.309998,98.559998,101.129997,91.605568,2938300
7/1/2016,101.730003,102.160004,100.610001,100.739998,91.252289,1066600
7/5/2016,100.970001,101.089996,100.269997,100.440002,90.980553,997500
7/6/2016,99.800003,101.529999,99.099998,101.269997,91.732376,1416200
7/7/2016,101.089996,101.510002,99.620003,99.849998,90.446129,1153200
7/8/2016,101.220001,102.660004,100.410004,102.559998,92.900887,1566200
7/11/2016,102.459999,102.540001,101.480003,101.620003,92.049423,1186700
7/12/2016,101.620003,102.07,100.940002,101.400002,91.850136,1417200
7/13/2016,102.010002,102.150002,101.150002,101.199997,91.668961,1486000
7/14/2016,101.339996,101.720001,98.599998,98.760002,89.458771,2854000
7/15/2016,98.959999,99.400002,97.470001,98.529999,89.250443,3047900
7/18/2016,98.610001,99.209999,97.510002,99.110001,89.775818,1828900
7/19/2016,98.800003,99.040001,97.959999,98.029999,88.797539,1864700
7/20/2016,98.349998,101.290001,97.120003,100.800003,91.306648,4759900
7/21/2016,100.370003,100.769997,99.599998,100.129997,90.699745,1632800
7/22/2016,100.43,102.239998,100.379997,101.669998,92.094727,1647300
7/25/2016,101.870003,101.919998,100.839996,101.169998,91.6418,1397900
7/26/2016,100.5,100.639999,98.029999,98.110001,88.870003,3368800
7/27/2016,97.610001,97.620003,89.400002,93.129997,84.359009,16847700
7/28/2016,93.32,98.720001,93.32,97.75,88.543907,8861900
7/29/2016,99.300003,103.839996,99.239998,102.160004,92.538567,10798700
8/1/2016,102.160004,102.160004,100.400002,100.849998,91.351929,2623900
8/2/2016,100.949997,102.120003,99.589996,100.790001,91.297592,2675900
8/3/2016,100.43,100.629997,99.040001,99.650002,90.264961,1423000
8/4/2016,100.010002,100.769997,99.510002,99.900002,90.491425,1320700
8/5/2016,99.900002,100.639999,98.800003,99.07,89.739594,1394500
8/8/2016,99.330002,99.330002,98.25,98.989998,89.66713,964700
8/9/2016,99.220001,100.010002,98.68,99.389999,90.029457,1341700
8/10/2016,99.809998,99.940002,99,99.589996,90.210602,989800
8/11/2016,99.940002,100.080002,99.43,99.57,90.192482,1116300
8/12/2016,99.339996,100.190002,98.870003,99.790001,90.391769,791000
8/15/2016,99.860001,100.169998,98.93,98.949997,89.630882,1633300
8/16/2016,98.760002,99.419998,98.309998,98.919998,89.603714,1101600
8/17/2016,99.029999,99.550003,98.239998,99.120003,89.784866,1570800
8/18/2016,99.290001,99.519997,98.440002,99,89.676178,1500900
8/19/2016,98.68,99.529999,98.449997,99.339996,89.984154,1743300
8/22/2016,99.290001,100.07,98.75,99.75,90.355545,1554700
8/23/2016,99.860001,100.43,99.459999,100.129997,90.699745,1218600
8/24/2016,100.150002,101.129997,100.150002,100.650002,91.170769,1228000
8/25/2016,100.650002,101.389999,100.349998,101.010002,91.496872,1313300
8/26/2016,101.459999,102.879997,101.330002,101.879997,92.28495,1426900
8/29/2016,101.43,103.410004,101.43,103.330002,93.976563,1655300
8/30/2016,103.410004,103.410004,102.330002,103.110001,93.776497,1411700
8/31/2016,103.239998,103.349998,101.779999,102.32,93.057991,1246600
9/1/2016,102.089996,102.68,101.540001,102.470001,93.194405,1189300
9/2/2016,102.739998,104.449997,102.720001,104.209999,94.776901,1439200
9/6/2016,104.139999,106.650002,104.120003,106.610001,96.959656,2023900
9/7/2016,106.230003,107.550003,105.779999,105.93,96.341217,1651600
9/8/2016,105.889999,106,104.230003,104.32,94.876945,2108000
9/9/2016,103.370003,103.910004,101.330002,101.339996,92.16671,1991500
9/12/2016,101.519997,103.889999,101.050003,103.730003,94.340363,2081700
9/13/2016,103.209999,103.550003,101.290001,101.540001,92.348587,1822300
9/14/2016,101.709999,103.160004,101.709999,102.360001,93.094368,1852500
9/15/2016,102.059998,104.309998,102.059998,103.660004,94.276703,2178300
9/16/2016,102.900002,103.279999,102.169998,102.800003,93.494545,1443600
9/19/2016,102.93,103.339996,102.239998,102.580002,93.294456,1131900
9/20/2016,102.580002,102.970001,102.059998,102.199997,92.948845,1451700
9/21/2016,103.220001,105.360001,102.919998,105.150002,95.631828,2078800
9/22/2016,105.5,107.239998,105.5,106.779999,97.114288,1780000
9/23/2016,106.82,107.050003,105.690002,105.970001,96.377602,1373900
9/26/2016,105.370003,105.739998,103.760002,104.260002,94.822388,2080500
9/27/2016,104.779999,108.389999,104.449997,107.529999,97.796379,3524500
9/28/2016,110.610001,111.239998,108.5,109.610001,99.688118,5446800
9/29/2016,109.519997,109.550003,108.349998,108.440002,98.624016,2321600
9/30/2016,108.690002,110.400002,107.68,109.800003,99.860893,3028300
10/3/2016,109.239998,109.879997,108.019997,108.68,98.842293,1929500
10/4/2016,108.959999,109.669998,107.620003,107.82,98.060135,1680100
10/5/2016,107.970001,108.379997,107.5,107.779999,98.023758,1541000
10/6/2016,107.300003,108.129997,107.099998,107.730003,97.978279,1074300
10/7/2016,108,108.309998,106.449997,107.650002,97.905518,1207600
10/10/2016,108.620003,110.660004,108.620003,109.830002,99.888191,1801300
10/11/2016,110.059998,110.199997,108.629997,109.839996,99.89727,2079100
10/12/2016,109.839996,110.489998,109.510002,110.25,100.270164,1265900
10/13/2016,110.470001,111.089996,109.800003,110.650002,100.63398,1515300
10/14/2016,111.269997,112.190002,111.019997,111.25,101.179649,1687400
10/17/2016,111.5,111.980003,110.309998,110.389999,100.397499,1133800
10/18/2016,111.099998,111.099998,110.029999,110.110001,100.142838,1150500
10/19/2016,110,110.489998,109.040001,109.089996,99.215172,1679000
10/20/2016,109.68,110.07,108.169998,108.529999,98.705856,1924600
10/21/2016,108.400002,108.699997,107.610001,108.629997,98.796814,1763000
10/24/2016,108.779999,109,107.919998,108.300003,98.496696,1221500
10/25/2016,108.260002,108.690002,107.779999,108.099998,98.314789,2047300
10/26/2016,108,108,106.089996,106.110001,96.504913,1440000
10/27/2016,106.620003,106.82,104.769997,104.860001,95.36808,1901400
10/28/2016,104.019997,105.43,103.32,104.489998,95.031563,1942900
10/31/2016,104.489998,105.220001,103.510002,103.809998,94.413116,2236500
11/1/2016,102.699997,109.370003,101.809998,105.309998,95.777336,6877600
11/2/2016,104.879997,105.190002,103.550003,103.650002,94.267601,2461900
11/3/2016,103.980003,104.220001,101.900002,103.019997,93.694618,1918500
11/4/2016,103.360001,104,102.620003,102.809998,93.503647,1448500
11/7/2016,103.93,105.120003,103.860001,105,95.495377,1789900
11/8/2016,104.510002,106.349998,104.489998,105.879997,96.295738,1819000
11/9/2016,103.110001,104.620003,102.699997,103.089996,93.758286,2326000
11/10/2016,102.129997,102.639999,98.209999,99.660004,90.638786,4565600
11/11/2016,99.440002,99.830002,98.220001,99.050003,90.084007,1674800
11/14/2016,98.800003,98.809998,96.089996,96.82,88.055847,2878600
11/15/2016,97.120003,98.150002,97.07,97.720001,88.874382,1783100
11/16/2016,97.459999,97.919998,96.400002,97.510002,88.683403,1218700
11/17/2016,97.349998,98,97.25,97.940002,89.074478,1098000
11/18/2016,97.290001,97.82,96.550003,96.830002,88.064957,1480500
11/21/2016,96.830002,98.959999,96.830002,98.550003,89.62925,1408900
11/22/2016,98.839996,100.339996,98.459999,99.980003,90.929817,1882000
11/23/2016,100.029999,100.339996,98.489998,98.889999,89.938477,1222200
11/25/2016,98.830002,100.769997,98.410004,99.739998,90.711525,716900
11/28/2016,99.339996,100.209999,98.790001,99.830002,91.168159,1526200
11/29/2016,99.650002,100.510002,99.519997,100.050003,91.369072,1233100
11/30/2016,99.639999,100.25,98.029999,98.029999,89.52433,1819400
12/1/2016,97.730003,98.25,94.099998,94.660004,86.446739,3214500
12/2/2016,94.959999,95.849998,94.739998,95.629997,87.332565,1795800
12/5/2016,95.629997,96.720001,95.230003,95.529999,87.241234,1732800
12/6/2016,95.519997,95.699997,94.849998,95.480003,87.195587,1485200
12/7/2016,95.639999,97.389999,95.279999,97.129997,88.702415,2130700
12/8/2016,96.900002,98.410004,96.309998,98.110001,89.597382,1602000
12/9/2016,98.43,99.089996,98.209999,99.040001,90.446693,1135700
12/12/2016,98.730003,99.809998,98.699997,99.400002,90.775459,1757600
12/13/2016,100.139999,100.43,99.529999,99.830002,91.168159,1676500
12/14/2016,99.949997,100.25,98.209999,98.800003,90.227524,1648500
12/15/2016,97.769997,98.639999,97.379997,97.480003,89.022049,1857200
12/16/2016,97.75,98.489998,97.010002,97.849998,89.35994,2058900
12/19/2016,98.190002,98.519997,97,97.589996,89.122513,1144400
12/20/2016,97.339996,97.589996,95.470001,96.010002,87.679596,1529700
12/21/2016,96.360001,97.519997,96.230003,97.309998,88.866798,1121900
12/22/2016,96.93,97.360001,96.089996,96.839996,88.437576,684200
12/23/2016,97.150002,97.889999,96.580002,97.739998,89.259491,611600
12/27/2016,97.68,98.040001,97.330002,97.489998,89.031197,600900
12/28/2016,97.349998,97.580002,96.669998,96.959999,88.54718,569200
12/29/2016,97.290001,98.099998,97.209999,98.019997,89.515182,624600
12/30/2016,98.309998,98.379997,96.989998,97.309998,88.866798,999300
1/3/2017,97.889999,98.589996,97.220001,97.879997,89.387337,1104900
1/4/2017,98.43,99.519997,98.220001,99.410004,90.784592,1213400
1/5/2017,99.480003,100.279999,99.010002,99.68,91.031166,2072700
1/6/2017,99.669998,100.209999,99.32,99.790001,91.131638,879500
1/9/2017,99.68,99.68,97.93,98.279999,89.752632,1347700
1/10/2017,98.330002,98.709999,95.879997,96.410004,88.044899,2558100
1/11/2017,96.489998,96.949997,95.610001,95.669998,87.369095,1590700
1/12/2017,95.389999,95.720001,94.849998,95.43,87.14991,2101400
1/13/2017,96.120003,97.790001,95.870003,97.620003,89.149918,1608400
1/17/2017,97.529999,98.839996,97.529999,97.910004,89.414757,1339400
1/18/2017,98,99.220001,97.93,98.199997,89.679565,1138500
1/19/2017,97.989998,98.470001,97.419998,97.540001,89.076851,993600
1/20/2017,97.959999,98.139999,97.139999,97.620003,89.149918,908200
1/23/2017,97.059998,97.629997,95.839996,96.190002,87.843971,1698100
1/24/2017,96.190002,97.269997,94.5,96.879997,88.474106,2209300
1/25/2017,97.300003,97.849998,96.690002,96.989998,88.574554,2238900
1/26/2017,97.089996,97.440002,95.93,96.040001,87.707001,1305000
1/27/2017,95.989998,96.459999,95.18,95.349998,87.076859,1017400
1/30/2017,95.510002,95.540001,94.419998,95.470001,87.18644,1179300
1/31/2017,95.239998,96.690002,94.910004,96.519997,88.145348,1299300
2/1/2017,96.349998,96.980003,95.660004,96.419998,88.054016,1300400
2/2/2017,96.879997,97.209999,95.889999,95.949997,87.624794,1094600
2/3/2017,96.620003,97.669998,96.129997,97,88.583687,1519500
2/6/2017,97.129997,97.129997,96.209999,96.480003,88.108826,1904300
2/7/2017,96.400002,96.620003,94.510002,94.889999,86.656784,3250800
2/8/2017,94.910004,96.720001,94.650002,95.620003,87.323433,2693900
2/9/2017,95.620003,96.93,95.339996,96.669998,88.282341,1655200
2/10/2017,96.669998,96.940002,95.870003,95.949997,87.624794,1562100
2/13/2017,96.389999,96.559998,95.669998,96.209999,87.862236,1653200
2/14/2017,97.169998,100.099998,94.120003,99.5,90.866783,4140200
2/15/2017,99,99.349998,98.32,99.029999,90.437569,2634800
2/16/2017,98.809998,100.330002,98.519997,99.800003,91.140755,1864900
2/17/2017,99.919998,102.139999,99.629997,101.589996,92.775436,2856500
2/21/2017,101.139999,101.910004,100.290001,100.529999,91.807426,2355700
2/22/2017,100.150002,100.809998,99.760002,100.220001,91.524307,1062500
2/23/2017,100,101.18,99.860001,100.050003,91.369072,1036300
2/24/2017,99.800003,101.169998,98.919998,101.019997,92.634499,1729500
2/27/2017,100.699997,100.849998,99.32,99.519997,91.25901,1634000
2/28/2017,99.790001,100.699997,99.050003,100.389999,92.056808,1657100
3/1/2017,100.470001,100.889999,99.610001,99.660004,91.387398,1325300
3/2/2017,98.970001,99.550003,98.410004,98.489998,90.314514,1430700
3/3/2017,98.349998,99.860001,98.260002,99.849998,91.56163,1912100
3/6/2017,99.5,99.650002,98.150002,98.230003,90.076118,986800
3/7/2017,98.230003,98.370003,96.790001,96.989998,88.939026,1546000
3/8/2017,96.760002,97.18,96.25,96.769997,88.737297,1952600
3/9/2017,96.629997,97.129997,96.220001,96.790001,88.755638,1298900
3/10/2017,97.370003,97.5,96.470001,97.099998,89.039902,854400
3/13/2017,96.82,97.550003,96.650002,97.489998,89.397537,1494300
3/14/2017,97.550003,98.120003,97,97.110001,89.049065,735800
3/15/2017,97.139999,98.330002,97,97.900002,89.773483,981500
3/16/2017,97.980003,98.489998,97.629997,98.230003,90.076118,980300
3/17/2017,98.75,99.370003,97.019997,98.379997,90.213654,1612300
3/20/2017,98.599998,98.870003,97.980003,98.639999,90.452065,1303700
3/21/2017,98.75,99.650002,97.980003,98.029999,89.892708,1820700
3/22/2017,98.25,98.449997,97.360001,97.510002,89.415871,887100
3/23/2017,97.089996,97.919998,97.059998,97.25,89.177444,872900
3/24/2017,97.290001,97.730003,96.739998,97.019997,88.96653,586700
3/27/2017,96.589996,96.980003,96.139999,96.459999,88.453026,1032100
3/28/2017,96.25,96.57,95.489998,96.300003,88.306313,1392500
3/29/2017,96.169998,96.739998,95.75,96.660004,88.636429,1115700
3/30/2017,96.209999,96.559998,95.5,95.57,87.636894,1307600
3/31/2017,95.349998,96.18,95.199997,95.709999,87.765282,1453700
4/3/2017,95.980003,96.269997,95.18,95.459999,87.536026,1328300
4/4/2017,95.279999,95.75,94.599998,95.589996,87.655228,1538100
4/5/2017,95.459999,96.239998,95.110001,95.459999,87.536026,1446500
4/6/2017,95.620003,97,95.599998,96,88.031219,1449600
4/7/2017,95.860001,96.230003,95.18,95.370003,87.453506,995700
4/10/2017,95.260002,96.099998,95.059998,95.889999,87.930351,827400
4/11/2017,95.769997,95.769997,94.709999,95.580002,87.646065,1092200
4/12/2017,95.529999,95.720001,95.169998,95.559998,87.627739,834600
4/13/2017,95.5,95.610001,94.559998,94.559998,86.710747,855900
4/17/2017,94.779999,95.18,94.470001,95.129997,87.233414,676100
4/18/2017,94.980003,96.599998,94.720001,96.32,88.324654,1176100
4/19/2017,96.32,96.620003,95.760002,96.160004,88.177933,1473500
4/20/2017,95.480003,95.589996,94.599998,95.050003,87.160072,1607300
4/21/2017,94.980003,95.199997,94.580002,94.860001,86.985825,1807600
4/24/2017,95.620003,96.410004,95.489998,96.040001,88.067894,1185000
4/25/2017,96.339996,96.970001,96.32,96.519997,88.508049,1215900
4/26/2017,96.43,96.769997,95.790001,95.830002,87.87532,972000
4/27/2017,96.199997,96.650002,95.559998,95.779999,87.829468,1319300
4/28/2017,95.760002,96.050003,95.169998,95.889999,87.930351,958500
5/1/2017,95.940002,96.449997,95.230003,95.260002,87.352631,926000
5/2/2017,95.220001,95.699997,94.480003,95.360001,87.444336,1962400
5/3/2017,92.019997,93.040001,89.269997,90.889999,83.345398,8211200
5/4/2017,90.730003,93.349998,90.389999,91.730003,84.115669,3582400
5/5/2017,92.309998,93.220001,92.160004,93.120003,85.390289,1983100
5/8/2017,93.43,94,93.099998,93.93,86.133049,2386800
5/9/2017,93.68,93.889999,92.589996,92.800003,85.096848,1274400
5/10/2017,92.669998,92.870003,92.239998,92.82,85.115189,933300
5/11/2017,92.580002,93.510002,92.5,93.489998,85.729561,1116400
5/12/2017,93.459999,93.989998,93.029999,93.739998,85.958801,1307400
5/15/2017,93.5,94.279999,93.5,94.080002,86.270599,959600
5/16/2017,94.050003,94.599998,93.959999,94.07,86.261414,967500
5/17/2017,94.07,94.5,92.809998,93.029999,85.307747,1443100
5/18/2017,92.849998,92.860001,92.300003,92.519997,84.840088,1656200
5/19/2017,92.870003,94.220001,92.540001,94.129997,86.316444,1968400
5/22/2017,94.610001,95.5,94.290001,95.169998,87.270103,2202400
5/23/2017,95.309998,95.519997,94.309998,94.849998,86.976662,2302400
5/24/2017,94.690002,94.910004,94.010002,94.440002,86.600716,1376900
5/25/2017,94.959999,95.190002,94.449997,94.660004,86.802452,1543500
5/26/2017,94.080002,96.050003,93.809998,95.779999,88.211555,1733500
5/30/2017,95.410004,95.800003,94.779999,95.279999,87.751045,1609000
5/31/2017,95.5,96.290001,94.540001,94.790001,87.299767,2960900
6/1/2017,95.010002,96.589996,95.010002,96.589996,88.957535,1786600
6/2/2017,96.879997,97.379997,96.419998,96.860001,89.2062,1003400
6/5/2017,96.379997,96.559998,95.620003,96.25,88.644402,1816800
6/6/2017,96.139999,96.589996,95.82,96.019997,88.432579,1019700
6/7/2017,95.989998,97.5,88.32,89.779999,82.685661,9451700
6/8/2017,89.779999,89.949997,86.029999,87.160004,80.27269,8588600
6/9/2017,86.800003,87.419998,86.150002,87.400002,80.493721,3918300
6/12/2017,87.199997,88.260002,86.879997,88.260002,81.285774,3622100
6/13/2017,88.449997,89.230003,88,88.980003,81.948868,2734600
6/14/2017,89.330002,89.769997,87.730003,88.120003,81.15683,2065900
6/15/2017,87.800003,87.980003,87.239998,87.639999,80.714737,2087300
6/16/2017,87.660004,87.839996,85.989998,86.849998,79.987198,3149200
6/19/2017,87.059998,87.059998,85.910004,86.580002,79.738525,3072500
6/20/2017,86.470001,87.209999,86.400002,86.660004,79.812202,1595600
6/21/2017,86.5,86.860001,85.589996,85.769997,78.992516,1376500
6/22/2017,85.709999,86.300003,85.459999,85.949997,79.158302,1684900
6/23/2017,85.980003,86.709999,85.760002,86.5,79.664848,1770600
6/26/2017,86.940002,87.169998,86.349998,86.349998,79.526703,1161800
6/27/2017,86.400002,86.589996,85.769997,86.379997,79.554321,1257800
6/28/2017,86.779999,87.82,86.5,87.419998,80.512138,1497500
6/29/2017,87.410004,87.410004,85.900002,86.459999,79.627998,1311200
6/30/2017,86.860001,86.959999,86.300003,86.339996,79.517494,1015600
7/3/2017,86.68,86.980003,86.190002,86.410004,79.581947,516300
7/5/2017,86.150002,86.690002,85.919998,86.440002,79.609581,1719500
7/6/2017,86.32,86.860001,86.040001,86.199997,79.388542,1011400
7/7/2017,86.199997,86.720001,85.839996,86.129997,79.324081,1330500
7/10/2017,86.550003,86.730003,85.550003,85.610001,78.845154,837000
7/11/2017,85.559998,86.269997,85.339996,85.919998,79.130661,988500
7/12/2017,86.709999,87.559998,86.260002,86.75,79.895088,2656700
7/13/2017,87.040001,87.330002,86.419998,86.989998,80.116112,1921500
7/14/2017,87.279999,88.029999,87.110001,87.889999,80.945,983400
7/17/2017,88.040001,88.220001,87.470001,87.510002,80.595024,974400
7/18/2017,87.699997,87.800003,87.220001,87.620003,80.696342,665000
7/19/2017,87.75,88.589996,87.32,88.529999,81.534431,1312400
7/20/2017,88.620003,88.910004,87.489998,87.540001,80.62265,1253200
7/21/2017,87.510002,88.120003,87.290001,87.980003,81.027908,1869000
7/24/2017,87.940002,88.370003,87.739998,87.959999,81.009483,1334700
7/25/2017,87.970001,88.870003,87.800003,88.580002,81.58049,1268200
7/26/2017,88.779999,89.360001,88.360001,89.040001,82.00412,2105800
7/27/2017,89.599998,90.5,89.110001,89.57,82.492249,1323200
7/28/2017,89.790001,89.800003,88.550003,89.110001,82.068596,718000
7/31/2017,89.260002,89.360001,88.669998,88.980003,81.948868,872300
8/1/2017,89.099998,89.510002,88.800003,89.190002,82.142281,1498600
8/2/2017,93.610001,94.019997,90.760002,91.830002,84.573662,2702100
8/3/2017,91.699997,92.540001,90.800003,90.870003,83.689529,1566100
8/4/2017,90.980003,91.339996,90.120003,90.510002,83.357971,1209000
8/7/2017,90.43,90.510002,89.839996,89.849998,82.75013,1288800
8/8/2017,89.93,91.139999,89.910004,90.660004,83.496124,1778200
8/9/2017,90.610001,90.720001,90.010002,90.5,83.348755,1131900
8/10/2017,90,90.709999,89.470001,90.199997,83.072464,1150100
8/11/2017,90.32,91.099998,89.709999,90.400002,83.256676,688600
8/14/2017,90.599998,91.349998,90.540001,90.870003,83.689529,783500
8/15/2017,90.779999,91.260002,90.57,91.07,83.873718,719800
8/16/2017,91.080002,91.739998,90.959999,91.339996,84.122375,803800
8/17/2017,91.150002,91.519997,89.940002,89.959999,82.851433,953300
8/18/2017,89.809998,90.099998,89.330002,89.739998,82.648819,1091500
8/21/2017,89.790001,90.129997,89.510002,89.730003,82.639626,470100
8/22/2017,89.779999,90.169998,88.300003,89.019997,81.985703,1973800
8/23/2017,88.849998,89.769997,88.339996,89.389999,82.326477,1441200
8/24/2017,89.089996,89.870003,88.269997,89.809998,82.713295,3484300
8/25/2017,90.190002,91.360001,89.809998,91,83.809258,2468000
8/28/2017,91.040001,91.120003,89.110001,89.489998,82.418594,3669600
8/29/2017,88.389999,89.540001,88.360001,89.389999,82.705391,1102700
8/30/2017,89.43,89.980003,89.43,89.629997,82.927444,711800
8/31/2017,89.870003,90.400002,89.589996,89.75,83.038475,1241800
9/1/2017,89.989998,90.620003,89.669998,90.029999,83.297531,942500
9/5/2017,89.709999,90.110001,88.550003,88.879997,82.233528,1289900
9/6/2017,89.019997,89.339996,88.360001,88.720001,82.085495,1987800
9/7/2017,88.870003,89.169998,87.830002,87.940002,81.363815,1547400
9/8/2017,88.080002,88.419998,87.639999,88.25,81.650635,1786700
9/11/2017,88.550003,89.550003,88.400002,89.410004,82.723907,1194300
9/12/2017,89.559998,90.25,89.239998,89.699997,82.99221,679300
9/13/2017,88.889999,89.370003,88.279999,88.580002,81.955963,1717900
9/14/2017,88.410004,89.129997,87.68,87.769997,81.206535,1139000
9/15/2017,87.480003,87.879997,86.660004,87.25,80.725426,1724300
9/18/2017,87.25,87.25,85.889999,86.129997,79.689178,1407300
9/19/2017,86.139999,86.419998,85.209999,85.470001,79.078529,1094900
9/20/2017,85.25,85.580002,83.18,83.480003,77.237335,1777800
9/21/2017,83.550003,83.550003,82.139999,82.809998,76.617432,1537500
9/22/2017,82.809998,83.199997,82.510002,82.809998,76.617432,1475900
9/25/2017,82.830002,83,81.910004,82.220001,76.071571,2207300
9/26/2017,82.190002,82.870003,81.940002,82.349998,76.191849,1231200
9/27/2017,82.220001,82.349998,81.57,81.860001,75.738487,1460400
9/28/2017,81.690002,81.989998,80.919998,81.349998,75.266624,1677800
9/29/2017,81.559998,82.300003,81.410004,81.639999,75.534943,1614100
10/2/2017,81.769997,82.220001,81.419998,82.019997,75.886536,2365300
10/3/2017,82.230003,82.639999,81.699997,81.919998,75.793999,999200
10/4/2017,81.93,83.720001,81.93,83.18,76.959778,1192700
10/5/2017,83.690002,84.160004,82.959999,83.110001,76.895012,1469500
10/6/2017,82.800003,83.25,82.68,83.18,76.959778,867300
10/9/2017,83.150002,83.389999,82.080002,82.260002,76.108589,1034400
10/10/2017,82.360001,84.089996,82.360001,83.970001,77.690697,1670800
10/11/2017,83.949997,84.279999,83.690002,84.139999,77.847992,1790100
10/12/2017,83.919998,84.389999,83.779999,84.349998,78.042267,806900
10/13/2017,84.720001,84.910004,83.449997,83.589996,77.339111,1236300
10/16/2017,83.419998,83.870003,82.510002,82.75,76.561935,1339100
10/17/2017,82.669998,83.010002,82.239998,82.699997,76.515671,1354200
10/18/2017,82.989998,83.059998,82.459999,82.599998,76.423157,1789300
10/19/2017,82.5,83.870003,82.470001,83.580002,77.329872,1640200
10/20/2017,83.860001,83.860001,82.989998,83.25,77.024536,1136000
10/23/2017,83.5,83.690002,83.139999,83.610001,77.357613,1301500
10/24/2017,83.410004,83.669998,82.849998,83.57,77.32061,846900
10/25/2017,83.440002,83.440002,81.209999,82.260002,76.108589,2454300
10/26/2017,82,82,80.349998,80.370003,74.359909,2009000
10/27/2017,80.150002,80.269997,78.099998,78.43,72.564987,2285300
10/30/2017,78.199997,79.279999,78.18,78.949997,73.046104,1497300
10/31/2017,79.239998,80.959999,79.120003,80.870003,74.822517,2011900
11/1/2017,81.589996,83.32,80.25,81.040001,74.979797,2501700
11/2/2017,80.75,80.860001,78.5,79.080002,73.166374,2511300
11/3/2017,79.150002,80.309998,79.150002,79.760002,73.795525,1290300
11/6/2017,79.629997,79.849998,78.629997,78.889999,72.990578,1233900
11/7/2017,78.639999,79.459999,78.639999,78.879997,72.981339,1197300
11/8/2017,79.199997,79.809998,78.610001,79.629997,73.675247,1230200
11/9/2017,79.43,80.779999,79.43,80.529999,74.507942,946600
11/10/2017,80.57,80.790001,80.099998,80.339996,74.332153,1292100
11/13/2017,80.160004,81.230003,80.160004,80.839996,74.794762,982700
11/14/2017,80.5,81.25,80.120003,80.519997,74.49868,861900
11/15/2017,80.5,82,78.699997,78.790001,72.898064,1435500
11/16/2017,78.790001,80.18,78.599998,79.489998,73.545715,1207000
11/17/2017,79.239998,79.970001,78.879997,79.68,73.721504,748800
11/20/2017,79.480003,79.669998,79.050003,79.199997,73.277397,1184500
11/21/2017,79.410004,80.099998,79.199997,79.32,73.388435,872700
11/22/2017,79.610001,79.839996,79.269997,79.540001,73.59198,1473200
11/24/2017,79.93,79.93,79.489998,79.669998,73.71225,294000
11/27/2017,79.589996,79.730003,78.919998,79.379997,73.443939,951500
11/28/2017,79.360001,79.669998,78.370003,78.580002,72.703773,1401900
11/29/2017,78.110001,78.269997,76.25,76.519997,71.169151,1999800
11/30/2017,76.510002,78.220001,76.279999,78.099998,72.638657,2076800
12/1/2017,78.220001,79.639999,78.080002,79.209999,73.671028,1485900
12/4/2017,79.559998,81,79.010002,80.510002,74.880142,1587100
12/5/2017,80.699997,81.050003,79.690002,80.32,74.70343,1248800
12/6/2017,80.57,81.379997,80.360001,81.07,75.400978,1341000
12/7/2017,79.949997,80.809998,79.860001,79.949997,74.359299,816500
12/8/2017,79.940002,80.18,79.019997,80.139999,74.536003,980200
12/11/2017,80,81.019997,79.690002,80.790001,75.140564,979200
12/12/2017,80.760002,81.050003,80.089996,80.150002,74.545311,952700
12/13/2017,80.110001,80.230003,79.209999,79.5,73.940758,931500
12/14/2017,79.5,80.330002,79.279999,79.370003,73.819847,1062600
12/15/2017,79.580002,80.550003,79.440002,79.800003,74.21978,2356600
12/18/2017,80.57,81.43,80.57,80.849998,75.19635,1516000
12/19/2017,81.169998,81.470001,80.629997,80.699997,75.056854,1522800
12/20/2017,80.669998,80.849998,79.540001,80.589996,74.954536,1105300
12/21/2017,80.699997,81.559998,80.580002,81.18,75.503281,1503600
12/22/2017,81.349998,81.550003,80.879997,81.099998,75.428871,803100
12/26/2017,81.190002,81.93,81.150002,81.82,76.098541,558900
12/27/2017,82.019997,82.360001,81.639999,81.68,75.968323,672200
12/28/2017,81.849998,82.150002,81.43,82.029999,76.293839,660000
12/29/2017,82.209999,82.550003,82.010002,82.07,76.331062,798700
1/2/2018,82.239998,82.610001,81.639999,82.239998,76.489159,1136000
1/3/2018,81.910004,82.300003,81.25,81.449997,75.75441,1330900
1/4/2018,81.82,82.449997,81.580002,82,76.265945,966000
1/5/2018,82.43,83.07,82.050003,82.93,77.130905,1206500
1/8/2018,82.860001,84.230003,82.559998,83.82,77.958679,1592000
1/9/2018,83.879997,84.230003,82.559998,83.629997,77.781967,1442600
1/10/2018,83.790001,85.760002,83.690002,85.209999,79.251472,1795000
1/11/2018,85.440002,85.860001,84.370003,84.489998,78.581825,904100
1/12/2018,84.889999,85.169998,84.5,84.879997,78.944565,1191300
1/16/2018,85.040001,85.080002,84.389999,84.720001,78.795746,1832600
1/17/2018,85,85.370003,84.5,84.68,78.758545,1090900
1/18/2018,84.660004,84.660004,83.099998,83.25,77.428535,1719600
1/19/2018,83.510002,83.970001,83.25,83.769997,77.912155,1225600
1/22/2018,83.709999,84.120003,83.360001,84.059998,78.181892,1328700
1/23/2018,84.080002,84.089996,83.190002,83.260002,77.437836,1047600
1/24/2018,83.580002,84.099998,83.160004,83.889999,78.023773,884000
1/25/2018,83.900002,84.169998,83.300003,83.790001,77.930771,905200
1/26/2018,83.669998,84.440002,83.25,84.389999,78.488808,978100
1/29/2018,84.129997,84.629997,83.470001,83.480003,77.642448,805800
1/30/2018,83.449997,84.220001,83.43,83.480003,77.642448,979800
1/31/2018,83.690002,84.18,83.18,84.019997,78.144684,1053700
2/1/2018,83.849998,83.910004,83.110001,83.550003,77.70755,759700
2/2/2018,82.959999,83.089996,80.800003,81.059998,75.39167,1242600
2/5/2018,80.440002,81.580002,77.349998,77.68,72.248032,1763500
2/6/2018,76.980003,78.480003,76.760002,77.980003,72.527054,2208700
2/7/2018,77.610001,78.209999,75.790001,76.160004,70.83432,2525100
2/8/2018,76.790001,76.889999,74.5,74.510002,69.299706,2568800
2/9/2018,74.839996,75.269997,72.709999,74.209999,69.020676,2405100
2/12/2018,75.529999,76.68,75.160004,75.769997,70.471596,1989500
2/13/2018,75.620003,76.089996,74.110001,75.699997,70.406487,1669300
2/14/2018,77.25,80.690002,77,80.449997,74.824326,3886400
2/15/2018,80.489998,81.860001,79.150002,81.739998,76.024124,2086000
2/16/2018,81.709999,82.290001,80.889999,81.470001,75.77301,1706600
2/20/2018,81.059998,81.269997,79.709999,79.75,74.173279,1688100
2/21/2018,79.639999,80.360001,78.720001,78.75,73.243202,1814900
2/22/2018,78.949997,79.739998,78,78.449997,72.964188,2067600
2/23/2018,78.639999,78.970001,77.459999,78.660004,73.159515,1387600
2/26/2018,78.779999,79.480003,76.730003,77.93,72.480537,1637300
2/27/2018,77.779999,78.169998,76.57,76.580002,71.224945,1301800
2/28/2018,77.019997,77.07,75.970001,76.25,70.918015,1939100
3/1/2018,76.550003,77.519997,75.860001,76.839996,71.466766,2203100
3/2/2018,76.620003,78.400002,76.309998,78.339996,73.252731,1982400
3/5/2018,78.089996,78.559998,76.879997,78.029999,72.962868,2339400
3/6/2018,78.339996,78.910004,77.82,78.790001,73.673508,1931200
3/7/2018,78.010002,78.459999,77.739998,78.260002,73.177933,1151100
3/8/2018,78.690002,80.690002,78.540001,80.550003,75.319221,2372300
3/9/2018,80.760002,81.139999,80.309998,81.089996,75.824158,1812600
3/12/2018,81.25,81.959999,80.57,80.959999,75.702591,1534800
3/13/2018,81.410004,81.410004,80.279999,80.459999,75.235062,1476000
3/14/2018,80.809998,81.220001,80.309998,81.099998,75.833504,1546500
3/15/2018,80.900002,81.5,80.900002,81.410004,76.123375,1885000
3/16/2018,81.68,81.779999,79.129997,80.190002,74.982605,3339500
3/19/2018,79.980003,80.269997,79.110001,79.470001,74.309349,1516600
3/20/2018,79.589996,79.830002,76.800003,76.879997,71.887543,2532400
3/21/2018,76.860001,77.059998,75.800003,76.050003,71.111443,2010000
3/22/2018,75.559998,76.089996,74.169998,74.389999,69.559235,2966600
3/23/2018,74.580002,74.580002,72.07,72.160004,67.47406,3167800
3/26/2018,73,74.25,72.529999,73.910004,69.11042,2584900
3/27/2018,74.029999,75.050003,73.349998,74.230003,69.409637,1853400
3/28/2018,74.629997,76.529999,74.400002,75.410004,70.513016,2369600
3/29/2018,76.099998,76.449997,75.309998,75.330002,70.438202,1385200
4/2/2018,75.309998,75.459999,72.919998,73.089996,68.343658,1613000
4/3/2018,73.18,74.099998,72.629997,73.639999,68.857933,2390900
4/4/2018,72.809998,74.339996,72.300003,74.099998,69.288086,3532200
4/5/2018,74.57,74.720001,73.730003,73.879997,69.082352,2112100
4/6/2018,73.5,74.529999,72.769997,73.160004,68.409126,2270700
4/9/2018,73.32,74.230003,72.779999,73.18,68.427818,1416000
4/10/2018,73.589996,74.120003,73.169998,73.989998,69.185211,1142700
4/11/2018,73.610001,74.120003,73.519997,73.889999,69.091721,998600
4/12/2018,73.949997,74.25,73.400002,73.610001,68.829903,1358200
4/13/2018,73.82,74,72.800003,72.980003,68.240814,2063300
4/16/2018,73.550003,73.93,73.080002,73.550003,68.773796,1278600
4/17/2018,73.089996,73.779999,72.339996,73.709999,68.923409,1496600
4/18/2018,73.5,73.870003,73.169998,73.230003,68.474571,1131100
4/19/2018,73.080002,73.410004,72.32,73.059998,68.315613,1960700
4/20/2018,72.860001,73.110001,70.050003,70.379997,65.809647,4500800
4/23/2018,70.349998,71.949997,70.230003,71.919998,67.249634,2473600
4/24/2018,72.379997,72.489998,71.110001,71.690002,67.034569,1506200
4/25/2018,71.449997,71.989998,71.120003,71.910004,67.240303,1500700
4/26/2018,72.519997,73.129997,72.190002,72.489998,67.782623,1995400
4/27/2018,72.699997,72.879997,71.860001,72.300003,67.604973,1797600
4/30/2018,72.75,72.800003,71.230003,71.239998,66.6138,3297100
5/1/2018,71.230003,71.760002,70.370003,71.68,67.025215,3497500
5/2/2018,68.040001,68.300003,60.189999,60.639999,56.702145,12433400
5/3/2018,60.630001,63.290001,59.32,59.400002,55.542667,5619600
5/4/2018,59.669998,60.610001,58.75,60.48,56.552532,4126100
5/7/2018,60.48,61.049999,59.130001,59.630001,55.757732,4131400
5/8/2018,59.849998,60.82,59.330002,60.389999,56.468372,2400100
5/9/2018,60.400002,61.09,59.990002,61.07,57.104221,1660600
5/10/2018,60.950001,61.599998,60.389999,61.400002,57.412788,2474800
5/11/2018,61.330002,61.459999,60.349998,60.720001,56.776951,1377100
5/14/2018,61.029999,61.48,60.330002,60.419998,56.496429,2085600
5/15/2018,59.860001,60.490002,59.57,60.049999,56.150459,2414100
5/16/2018,60.060001,60.509998,59.919998,60.110001,56.206562,1914100
5/17/2018,59.939999,60.5,59.810001,60.259998,56.346821,2253300
5/18/2018,60.419998,60.5,59.830002,60.240002,56.328121,1538600
5/21/2018,60.5,60.84,60.23,60.400002,56.47773,1386300
5/22/2018,60.68,61.310001,60.509998,61.029999,57.066814,2470000
5/23/2018,61.110001,61.93,60.830002,61.709999,57.702656,1789600
5/24/2018,61.709999,61.799999,60.799999,61.529999,57.534348,1865400
5/25/2018,61.290001,61.990002,61.029999,61.43,57.440834,2105300
5/29/2018,61.029999,61.82,61.029999,61.560001,57.562405,2200000
5/30/2018,61.950001,62.669998,61.560001,62.349998,58.301098,1664400
5/31/2018,62.91,63,61.139999,61.650002,57.646557,2619300
6/1/2018,61.639999,62,61.32,61.610001,57.994846,1340300
6/4/2018,62.18,62.32,61.099998,61.380001,57.778343,1327300
6/5/2018,61.380001,61.57,60.830002,61.099998,57.514767,2089600
6/6/2018,60.919998,62.720001,60.549999,61.790001,58.164288,2884100
6/7/2018,61.48,62.91,61.450001,62.619999,58.94558,2428200
6/8/2018,62.810001,63.57,62.779999,63.560001,59.830429,1460800
6/11/2018,63.740002,64.910004,63.52,64.669998,60.87529,3055500
6/12/2018,64.830002,66.169998,64.510002,66.089996,62.211964,2345400
6/13/2018,66.190002,67.07,65.620003,66.099998,62.22139,2060500
6/14/2018,66.129997,66.800003,65.650002,66.720001,62.805,2069200
6/15/2018,66.730003,67.980003,66.480003,67.889999,63.906349,3388000
6/18/2018,67.110001,67.260002,66.400002,67.010002,63.077984,2586000
6/19/2018,66.690002,67.790001,66.5,67.620003,63.652199,1715400
6/20/2018,67.620003,68.190002,66.970001,68.110001,64.113434,2782700
6/21/2018,68.220001,68.25,67.169998,67.470001,63.51099,1467500
6/22/2018,68.07,69.25,67.730003,69.019997,64.970047,2537300
6/25/2018,69,70.959999,68.989998,69.790001,65.694862,2224100
6/26/2018,69.470001,69.540001,68.129997,68.610001,64.584099,2009400
6/27/2018,68.230003,69.050003,67.57,67.790001,63.812214,1892000
6/28/2018,67.949997,68.629997,67.330002,67.839996,63.859283,1643700
6/29/2018,67.949997,68.660004,67.370003,68.040001,64.047546,1831600
7/2/2018,67.709999,68.139999,67.199997,67.620003,63.652199,1101500
7/3/2018,67.760002,68.169998,67.269997,67.690002,63.718094,846500
7/5/2018,68.32,69.779999,68.089996,69.699997,65.610138,2142500
7/6/2018,70.07,70.830002,69.760002,70.620003,66.476158,1398500
7/9/2018,70.660004,70.949997,69.669998,69.82,65.723106,1494200
7/10/2018,69.489998,69.68,68.260002,68.389999,64.377007,1991100
7/11/2018,68.529999,68.900002,67.440002,68.610001,64.584099,3917600
7/12/2018,68.800003,68.830002,67.540001,67.709999,63.736912,1407200
7/13/2018,67.75,68.32,67.550003,68.099998,64.104027,1480800
7/16/2018,68.110001,68.190002,66.800003,66.900002,62.974434,1858700
7/17/2018,66.550003,67.879997,66.449997,67,63.068573,4919000
7/18/2018,66.879997,67.040001,63.759998,64.349998,60.57407,3399100
7/19/2018,63.990002,64.449997,63.509998,63.869999,60.122238,4053000
7/20/2018,64.18,64.18,62.639999,62.849998,59.162083,4208600
7/23/2018,62.509998,63.66,62.5,63.240002,59.529202,2160600
7/24/2018,62.75,64.870003,62.75,64.410004,60.630554,4355400
7/25/2018,64.860001,65.589996,64.699997,65.410004,61.571865,3931700
7/26/2018,65.040001,66.199997,64.57,65.300003,61.468323,3984500
7/27/2018,65.300003,65.769997,63.639999,64.279999,60.508175,1977700
7/30/2018,64.099998,67.32,64.099998,66.769997,62.852062,3976800
7/31/2018,67.059998,68.089996,66.43,67,63.068573,4246000
8/1/2018,65.25,71.040001,64.449997,69.330002,65.261848,7643300
8/2/2018,69.790001,69.959999,67.82,68.830002,64.791183,4760100
8/3/2018,69.050003,69.839996,68.709999,69.199997,65.139481,2201800
8/6/2018,69.330002,69.93,68.949997,69.059998,65.007683,2135400
8/7/2018,69.220001,69.300003,68.199997,68.800003,64.762962,1586600
8/8/2018,68.849998,68.970001,66.529999,66.580002,62.673218,2555400
8/9/2018,66.330002,67.230003,66.129997,66.540001,62.635571,1912600
8/10/2018,66,66.410004,65.199997,65.459999,61.618938,2316200
8/13/2018,65.120003,65.720001,64.580002,65.440002,61.600105,2433100
8/14/2018,65.889999,67.690002,65.809998,67.389999,63.435688,1621600
8/15/2018,66.940002,67.269997,66.300003,67.18,63.238014,1674000
8/16/2018,67.410004,68.220001,67.209999,67.889999,63.906349,1325600
8/17/2018,68.18,69.050003,67.82,68.559998,64.537025,1476800
8/20/2018,68.510002,68.959999,68.110001,68.68,64.649994,1648500
8/21/2018,68.900002,68.970001,68.220001,68.25,64.245224,1267500
8/22/2018,68.349998,68.360001,67.779999,68.199997,64.198158,920700
8/23/2018,68.040001,68.540001,67.82,68.099998,64.104027,1310700
8/24/2018,68.599998,69.129997,68,68.029999,64.038139,989100
8/27/2018,68.110001,68.459999,66.93,67.989998,64.000481,1035500
8/28/2018,67.870003,68.43,66.790001,67.010002,63.077984,1188600
8/29/2018,67.209999,67.580002,66.470001,67.440002,63.482754,1779800
8/30/2018,66.940002,67.419998,66.57,66.93,63.388039,915500
8/31/2018,66.669998,67.309998,66.410004,66.739998,63.208107,906100
9/4/2018,66.389999,66.739998,64.5,64.889999,61.455997,2411500
9/5/2018,64.389999,65.900002,64.370003,65.650002,62.175781,1329000
9/6/2018,65.860001,66.629997,65.379997,66.410004,62.895573,1368500
9/7/2018,65.5,65.519997,63.299999,63.779999,60.404747,2551400
9/10/2018,63.880001,65.160004,63.68,64.730003,61.30447,1929100
9/11/2018,64.050003,64.480003,62.689999,62.830002,59.50502,2263400
9/12/2018,62.73,63.419998,62.599998,63.080002,59.741787,1589000
9/13/2018,63.470001,63.75,62.900002,63.48,60.120625,929800
9/14/2018,63.27,63.290001,62.630001,63.139999,59.798615,1520500
9/17/2018,63.299999,64.260002,63,64.040001,60.650986,1592200
9/18/2018,64.269997,64.5,63.490002,63.869999,60.489979,1291900
9/19/2018,63.549999,65.239998,63.549999,64.279999,60.878281,1721800
9/20/2018,64.779999,65.970001,64.339996,64.919998,61.484413,2184000
9/21/2018,65.019997,65.230003,64.349998,64.779999,61.351822,2948100
9/24/2018,64.18,64.5,62.23,62.48,59.173546,3092700
9/25/2018,62.779999,62.779999,61.32,61.84,58.567413,2105700
9/26/2018,62.209999,62.900002,61.740002,62.27,58.974659,1513500
9/27/2018,62.060001,62.48,61.43,61.740002,58.472702,921100
9/28/2018,61.509998,61.950001,61.23,61.5,58.245399,1593400
10/1/2018,61.580002,61.75,61.099998,61.209999,57.970749,1649900
10/2/2018,61.110001,62.130001,61.110001,62.060001,58.775772,1783900
10/3/2018,62.59,62.880001,60.98,61.349998,58.103336,2280800
10/4/2018,61.110001,61.759998,60.790001,61.369999,58.122284,2126900
10/5/2018,61.650002,62.380001,61.360001,61.889999,58.614765,1779600
10/8/2018,62.080002,63.09,61.900002,62.75,59.429256,1144700
10/9/2018,62.369999,62.389999,61.560001,61.73,58.463234,1225700
10/10/2018,61.540001,62.549999,61.290001,61.310001,58.06546,1339400
10/11/2018,61.349998,61.720001,59.52,59.59,56.436478,2400800
10/12/2018,60,60.189999,58.799999,59.330002,56.190243,1195800
10/15/2018,59.43,60.189999,59.400002,59.669998,56.512245,1326100
10/16/2018,60,60.549999,59.439999,60.23,57.04261,1226000
10/17/2018,59.619999,60.32,58.810001,59.57,56.417538,1468600
10/18/2018,59.75,60.380001,58.75,58.970001,55.849293,1086600
10/19/2018,59.200001,60.439999,59.200001,59.900002,56.730076,800400
10/22/2018,60.080002,60.34,58.860001,58.889999,55.773525,1274300
10/23/2018,58.610001,58.990002,57.02,58.299999,55.214741,1835600
10/24/2018,58.560001,60.290001,58.560001,59.34,56.199711,2062300
10/25/2018,58.209999,58.34,56.650002,56.830002,53.82254,4105800
10/26/2018,56.68,56.880001,55.52,55.700001,52.752338,3617100
10/29/2018,56.299999,57.009998,56.060001,56.59,53.595242,3302200
10/30/2018,56.810001,58.439999,56.5,58.209999,55.129513,4770800
10/31/2018,62.099998,64.910004,61.32,64,60.613102,6224300
11/1/2018,64.75,67.620003,64.25,65.989998,62.497787,3939500
11/2/2018,66.089996,66.419998,62.389999,63.119999,59.779678,2621800
11/5/2018,63.259998,63.98,62.52,63.09,59.751263,2125300
11/6/2018,62.41,63.450001,61.169998,62.650002,59.334545,2270200
11/7/2018,63.130001,63.98,62.259998,63.619999,60.253208,2008400
11/8/2018,63.48,64.709999,63.310001,63.970001,60.584686,1847900
11/9/2018,64.050003,64.760002,63.610001,64.5,61.086639,2148100
11/12/2018,64.050003,66.059998,63.66,65.5,62.033722,2376900
11/13/2018,65.720001,66.110001,64.169998,64.489998,61.077171,1528100
11/14/2018,64.889999,64.980003,63.959999,64.75,61.323414,1196400
11/15/2018,64.730003,64.830002,63.93,64.690002,61.26659,1287100
11/16/2018,64.550003,64.93,64.07,64.739998,61.313946,1626900
11/19/2018,64.940002,66.709999,64.900002,66.389999,62.876621,2167800
11/20/2018,65.699997,66.980003,64.57,64.879997,61.446526,1976000
11/21/2018,64.830002,65.290001,63.790001,64.129997,60.736221,1487600
11/23/2018,64.18,64.550003,63.669998,64.099998,60.707809,703400
11/26/2018,64.730003,65.339996,64.300003,64.980003,61.541241,1929100
11/27/2018,64.489998,65.330002,63.810001,65.169998,61.721184,1299100
11/28/2018,65.07,66.110001,64.68,65.910004,62.422028,2620500
11/29/2018,65.25,65.480003,63.740002,64.309998,61.287941,1823800
11/30/2018,64.519997,65.860001,64.5,65.769997,62.679337,2655600
12/3/2018,65.870003,66.169998,64.199997,66.139999,63.031944,2014400
12/4/2018,65.879997,66.309998,64.720001,64.870003,61.821629,2024400
12/6/2018,64.220001,64.510002,63.080002,64.459999,61.430893,1972100
12/7/2018,64.150002,65.379997,63.029999,63.369999,60.392113,1965800
12/10/2018,63.73,63.75,61.700001,62.740002,59.791721,1415600
12/11/2018,63,63.689999,62.189999,62.540001,59.60112,1225100
12/12/2018,63.080002,64.769997,63.009998,63.07,60.106213,2734100
12/13/2018,63.459999,64.190002,62.740002,63.200001,60.230106,1723100
12/14/2018,62.669998,62.990002,61.84,62,59.086494,1600000
12/17/2018,61.849998,62.290001,60.279999,60.57,57.723698,2250600
12/18/2018,60.82,62.040001,58.830002,59.299999,56.513367,2246900
12/19/2018,59.400002,60.200001,57.52,57.77,55.055271,2073900
12/20/2018,57.650002,58.450001,56.66,57.240002,54.550175,2179300
12/21/2018,57.240002,58.619999,55.439999,55.5,52.891941,2904800
12/24/2018,55.439999,55.860001,54.169998,55.150002,52.558392,1086200
12/26/2018,55.310001,56.169998,54.599998,56.16,53.520927,3758900
12/27/2018,55.689999,56.560001,54.709999,56.540001,53.883072,2304300
12/28/2018,56.700001,57.110001,55.700001,55.939999,53.31126,2400700
12/31/2018,55.869999,56.290001,54.939999,56.16,53.520927,1951800
1/2/2019,55.880001,57.599998,55.299999,57.09,54.407227,1646300
1/3/2019,57,58.099998,56.650002,57.869999,55.15057,2000900
1/4/2019,58.200001,60.080002,58.200001,59.709999,56.904106,1601000
1/7/2019,59.330002,60.389999,58.889999,59.580002,56.780216,2408000
1/8/2019,60,61.459999,59.41,61.169998,58.295494,1945800
1/9/2019,60.509998,61.290001,59.98,61,58.133488,1310500
1/10/2019,61.360001,63.209999,61.150002,62.860001,59.906082,2668600
1/11/2019,63.279999,63.689999,62.720001,63.34,60.363525,1544100
1/14/2019,63.049999,63.380001,62.200001,62.360001,59.429577,2608000
1/15/2019,62.490002,62.720001,61.73,62.43,59.496288,1139300
1/16/2019,62.099998,62.57,61.189999,61.259998,58.381268,1253400
1/17/2019,61.139999,62.09,61.09,61.779999,58.876831,1792500
1/18/2019,62.200001,63.759998,62.200001,63.619999,60.630367,1630700
1/22/2019,63.549999,64.150002,62.84,64.099998,61.087807,2016500
1/23/2019,64.379997,64.660004,63.849998,64.419998,61.392773,1172200
1/24/2019,64.099998,64.209999,63,63.389999,60.411175,1486600
1/25/2019,63.860001,65.169998,63.82,64.400002,61.373714,1452900
1/28/2019,64.18,64.360001,63.41,64.150002,61.135464,918000
1/29/2019,64.349998,64.879997,63.77,64.75,61.707264,957300
1/30/2019,64.989998,65.889999,64.339996,65.330002,62.260014,1028400
1/31/2019,65.510002,66.669998,65.199997,66.610001,63.479858,1272700
2/1/2019,66.68,66.980003,65.910004,66,62.898533,1375900
2/4/2019,65.919998,66.160004,65.370003,65.849998,62.755569,1160200
2/5/2019,66.25,67.239998,65.910004,66.510002,63.384563,1817300
2/6/2019,66.220001,66.690002,65.089996,65.669998,62.584038,1441700
2/7/2019,65.650002,66.120003,65.199997,65.57,62.488735,1190200
2/8/2019,65.419998,65.739998,64.459999,64.940002,61.888344,1683500
2/11/2019,65.120003,65.389999,64.599998,65.360001,62.288605,2507400
2/12/2019,60.209999,62,59.009998,59.189999,56.408539,7651100
2/13/2019,59.110001,59.759998,58.419998,59.68,56.875515,4930500
2/14/2019,59.369999,60.349998,59.32,59.84,57.027992,2387600
2/15/2019,60.400002,61.150002,60.099998,60.91,58.047714,1617400
2/19/2019,60.66,61.349998,60.189999,61.110001,58.238319,1634900
2/20/2019,60.959999,63.16,60.959999,61.389999,58.505157,3103200
2/21/2019,61.599998,62.689999,61.080002,62.080002,59.162735,1425300
2/22/2019,61.509998,62.060001,60.5,61.93,59.019779,1228200
2/25/2019,62.240002,62.240002,61.040001,61.040001,58.171612,2404100
2/26/2019,61.18,61.360001,60.880001,61.040001,58.171612,1131300
2/27/2019,60.82,61.34,60.68,61.110001,58.238319,2507600
2/28/2019,61.369999,62.290001,61.16,61.66,58.76247,1682000
3/1/2019,61.540001,62.150002,61.310001,61.41,58.915974,2098300
3/4/2019,61.349998,61.68,60.599998,61.25,58.762474,1590100
3/5/2019,61,61.41,60.48,61.09,58.608971,1711000
3/6/2019,61.169998,61.43,59.849998,60.16,57.71674,1622700
3/7/2019,60.200001,60.259998,59.75,60.040001,57.601612,1552800
3/8/2019,60.080002,60.169998,59.32,59.450001,57.035576,996700
3/11/2019,59.529999,60.259998,59.27,60.099998,57.659176,1140500
3/12/2019,60.200001,60.52,59.959999,60.209999,57.764706,1091700
3/13/2019,60.259998,61.18,60.16,60.59,58.129276,2108400
3/14/2019,60.57,60.860001,60.299999,60.490002,58.03334,2108700
3/15/2019,60.490002,61.540001,60.43,60.82,58.34993,2439400
3/18/2019,60.98,61.27,60.66,60.950001,58.474655,1098000
3/19/2019,61.119999,61.439999,60.470001,60.759998,58.292366,1602400
3/20/2019,60.52,60.630001,59.209999,59.77,57.342579,2212800
3/21/2019,59.48,60.810001,59.450001,60.810001,58.340343,1281300
3/22/2019,60.34,60.34,59.439999,59.450001,57.035576,1225200
3/25/2019,59.360001,59.52,58.75,58.75,56.364006,1238800
3/26/2019,59.09,59.48,58.880001,59.48,57.064354,1295600
3/27/2019,59.299999,59.77,58.779999,59.290001,56.882076,1397100
3/28/2019,59.389999,59.700001,59.139999,59.27,56.862885,1374300
3/29/2019,59.689999,60.23,59.439999,59.650002,57.227455,1846400
4/1/2019,59.959999,60.66,59.84,60.369999,57.918213,1333300
4/2/2019,60.419998,60.48,59.84,60.150002,57.707146,1106900
4/3/2019,60.099998,60.400002,59.369999,59.84,57.409733,1493000
4/4/2019,60.049999,60.91,59.830002,60.759998,58.292366,1349300
4/5/2019,60.759998,61,60.139999,60.630001,58.167652,1068800
4/8/2019,60.349998,61.009998,60.349998,60.790001,58.321156,1171600
4/9/2019,60.279999,60.509998,59.23,59.549999,57.131516,1428600
4/10/2019,59.5,59.669998,58.759998,59.400002,56.987606,1680700
4/11/2019,59.82,60.720001,59.73,60.07,57.630394,1464000
4/12/2019,60.25,60.939999,59.880001,59.98,57.544052,729200
4/15/2019,60.25,60.610001,60,60.450001,57.994965,990400
4/16/2019,60.450001,60.77,59.43,59.529999,57.11232,1771300
4/17/2019,59.59,60.139999,59.220001,59.419998,57.00679,1143400
4/18/2019,59.700001,61.529999,59.68,61.400002,58.906384,1917900
4/22/2019,61.490002,62.330002,61.040001,61.16,58.676128,1892100
4/23/2019,61.150002,61.279999,60.32,61.279999,58.791256,1583800
4/24/2019,61.389999,62.529999,61.240002,62.509998,59.971302,1661000
4/25/2019,61.959999,63,61.709999,62.799999,60.249527,1359300
4/26/2019,63.009998,64.120003,63.009998,63.830002,61.237694,1339700
4/29/2019,63.720001,64.089996,63.57,63.880001,61.285664,2163300
4/30/2019,63.720001,64.32,63.27,64.190002,61.583073,2388700
5/1/2019,62.990002,62.990002,59.189999,59.349998,56.939636,4781100
5/2/2019,59.200001,59.990002,58.509998,59.919998,57.486485,1902000
5/3/2019,60.459999,61.439999,60.299999,61.369999,58.877602,1708000
5/6/2019,60.75,61.490002,60.619999,60.98,58.503437,1166600
5/7/2019,60.59,60.740002,59.580002,60.080002,57.639996,1692800
5/8/2019,59.84,59.849998,58.52,59.18,56.776539,1955400
5/9/2019,58.790001,58.970001,57.529999,58.349998,55.980247,1392200
5/10/2019,58.220001,58.66,57.360001,58.639999,56.258472,1285600
5/13/2019,58.02,58.09,57.380001,57.869999,55.519741,1074300
5/14/2019,58.099998,58.880001,57.889999,58.419998,56.047401,1175000
5/15/2019,58.34,58.900002,58.07,58.299999,55.932278,1239900
5/16/2019,58.369999,59.240002,58.259998,58.540001,56.162533,1367000
5/17/2019,58.310001,58.990002,58.200001,58.66,56.27766,836800
5/20/2019,58.330002,58.75,57.880001,58.060001,55.70203,854000
5/21/2019,58.16,58.82,58.060001,58.77,56.38319,772800
5/22/2019,58.52,59.43,58.380001,59.25,56.843697,1021200
5/23/2019,58.790001,59.439999,58.369999,59.419998,57.00679,1235000
5/24/2019,59.459999,60.240002,58.560001,58.720001,56.33522,1081100
5/28/2019,58.73,58.959999,57.130001,57.240002,54.915329,1727200
5/29/2019,57.060001,57.080002,55.049999,55.459999,53.207619,2175600
5/30/2019,55.290001,55.720001,54.299999,54.75,52.526455,2062100
5/31/2019,53.709999,55.060001,53.41,54.98,53.145096,2538700
6/3/2019,54.830002,56.099998,54.650002,55.900002,54.034393,1771200
6/4/2019,56.419998,58.02,56.360001,57.98,56.044975,1785800
6/5/2019,58.419998,58.419998,57.25,57.419998,55.503662,1569900
6/6/2019,57.59,57.93,57.48,57.709999,55.783985,1322700
6/7/2019,58.189999,58.560001,55.75,56.970001,55.068684,2768800
6/10/2019,56.540001,56.57,54.5,54.740002,52.913109,2508200
6/11/2019,54.73,54.98,53.84,54.630001,52.806782,2552500
6/12/2019,54.91,55.459999,54.720001,54.849998,53.019436,1405400
6/13/2019,55,55.279999,54.57,55.110001,53.27076,1375100
6/14/2019,54.98,55.389999,53.810001,54,52.197803,1954100
6/17/2019,53.869999,54,53.25,53.66,51.869148,1814700
6/18/2019,54.279999,54.509998,53.919998,54.110001,52.304134,1328500
6/19/2019,54.200001,55.110001,53.860001,54.66,52.835773,1351100
6/20/2019,54.759998,55.450001,54.639999,54.98,53.145096,1420300
6/21/2019,55,55.540001,54.369999,55.419998,53.570408,2205400
6/24/2019,55.439999,55.810001,54.950001,55.459999,53.609077,1073100
6/25/2019,55.490002,55.68,54.529999,55.400002,53.551083,1385400
6/26/2019,55.23,55.400002,54.66,54.959999,53.125763,1580100
6/27/2019,54.970001,55.549999,54.740002,55.330002,53.483418,1254700
6/28/2019,55.75,56.43,55.5,56,54.131054,1959800
7/1/2019,56.290001,56.490002,55.759998,56.310001,54.43071,1239700
7/2/2019,56.59,56.740002,55.93,56.130001,54.256718,772100
7/3/2019,56.52,57.060001,56.419998,56.860001,54.962353,789200
7/5/2019,56.77,56.93,55.950001,56.849998,54.952682,614700
7/8/2019,56.91,56.959999,56.279999,56.450001,54.56604,758900
7/9/2019,56.16,56.209999,55.099998,55.540001,53.686409,1017100
7/10/2019,55.880001,56.310001,55.68,55.869999,54.005394,1120200
7/11/2019,55.810001,55.919998,54.290001,54.77,52.942104,1116100
7/12/2019,54.799999,54.98,54.240002,54.380001,52.565125,2308100
7/15/2019,53.290001,53.799999,52.360001,53.700001,51.907814,1956600
7/16/2019,53.639999,54.57,53.389999,54.490002,52.671452,1603800
7/17/2019,54.66,54.830002,54.110001,54.290001,52.478127,1266600
7/18/2019,54,54.650002,53.48,54.389999,52.574787,1091700
7/19/2019,55.02,55.099998,54.400002,54.59,52.768112,1545800
7/22/2019,54.779999,55.049999,54.029999,54.23,52.420124,1316200
7/23/2019,54.5,56.75,54.360001,56.299999,54.421043,2525900
7/24/2019,56.259998,56.759998,56.07,56.650002,54.759365,1239000
7/25/2019,56.799999,57.709999,56.139999,56.669998,54.77869,1696700
7/26/2019,56.73,56.98,56.380001,56.59,54.701363,1586700
7/29/2019,56.700001,56.98,56.25,56.509998,54.624031,1236700
7/30/2019,56.389999,57,56.09,56.919998,55.020348,1510700
7/31/2019,53.07,54.27,51.799999,53.990002,52.188137,6778900
8/1/2019,53.009998,54.25,52.459999,52.490002,50.738201,3219800
8/2/2019,52.66,52.970001,52.02,52.240002,50.496544,1980600
8/5/2019,51.900002,52.07,49.919998,50.59,48.901608,3156100
8/6/2019,51.029999,51.560001,50.68,51.189999,49.481583,2697800
8/7/2019,50.919998,52.290001,50.549999,52.139999,50.399876,1804200
8/8/2019,52.41,52.779999,51.889999,52.720001,50.960526,1368600
8/9/2019,52.470001,52.75,52.130001,52.650002,50.89286,1536300
8/12/2019,52.310001,52.400002,51.959999,52.009998,50.274216,1736200
8/13/2019,52.209999,52.950001,51.619999,51.68,49.955231,1912100
8/14/2019,51.25,51.419998,50.290001,50.34,48.65995,2103100
8/15/2019,50.470001,50.950001,50.150002,50.860001,49.162598,1443400
8/16/2019,50.98,52.049999,50.689999,51.880001,50.14856,1504200
8/19/2019,52.439999,52.84,51.950001,52.5,50.747864,1479300
8/20/2019,52.52,52.77,51.990002,52.16,50.419209,935300
8/21/2019,52.110001,52.419998,51.52,51.779999,50.051891,1707300
8/22/2019,51.869999,52.299999,51.48,51.689999,49.964897,1287900
8/23/2019,51.560001,51.66,49.950001,50.07,48.39896,1643200
8/26/2019,50.330002,50.599998,50.09,50.57,48.882275,1461700
8/27/2019,50.630001,50.790001,50.040001,50.169998,48.495625,1643700
8/28/2019,50.209999,51.259998,49.919998,51.150002,49.442917,923900
8/29/2019,51.110001,51.459999,50.889999,51.049999,49.902351,768600
8/30/2019,51.200001,51.599998,51.07,51.360001,50.205383,1390300
9/3/2019,51.09,52.610001,50.779999,52.389999,51.212227,2111300
9/4/2019,52.810001,53.310001,52.669998,53.130001,51.935596,927100
9/5/2019,53.369999,53.689999,53.130001,53.18,51.984467,1659000
9/6/2019,53.380001,53.490002,53.130001,53.419998,52.21907,1464400
9/9/2019,53.41,55.93,53.41,55.869999,54.613995,2019400
9/10/2019,55.799999,56.799999,55.419998,56.599998,55.327579,2342000
9/11/2019,56.369999,56.650002,55.5,56.380001,55.11253,1694500
9/12/2019,56.900002,56.990002,56,56.25,54.985451,1183200
9/13/2019,56.43,57.240002,56.32,57.169998,55.884766,1395300
9/16/2019,56.990002,57.599998,56.68,57.549999,56.256226,1476900
9/17/2019,57.529999,57.630001,55.560001,55.68,54.428265,2197700
9/18/2019,55.400002,55.560001,54.43,55.040001,53.802654,2007300
9/19/2019,55.049999,55.310001,54.700001,55.040001,53.802654,1239200
9/20/2019,55.52,56.459999,55.360001,56.259998,54.995224,2106000
9/23/2019,56.220001,56.52,55.759998,56.209999,54.94635,1377300
9/24/2019,56.200001,56.41,55.450001,55.849998,54.59444,1122600
9/25/2019,56.049999,56.220001,55.529999,56.139999,54.877926,1195800
9/26/2019,56.32,57.299999,56.119999,57.09,55.806568,1398600
9/27/2019,57.34,57.709999,56.939999,57.470001,56.178028,1687800
9/30/2019,57.639999,58.130001,57.380001,57.5,56.207348,1575900
10/1/2019,57.700001,58.360001,57.599998,58.110001,56.803638,1127900
10/2/2019,57.599998,57.950001,56.360001,56.720001,55.444889,1341600
10/3/2019,56.220001,56.849998,55.18,56.619999,55.347134,1390300
10/4/2019,56.610001,56.880001,55.650002,56.630001,55.356911,1254700
10/7/2019,56.73,57.119999,56.130001,56.169998,54.907246,1192400
10/8/2019,56,56,55.07,55.34,54.095909,1328200
10/9/2019,55.709999,55.880001,55.16,55.509998,54.262085,1311000
10/10/2019,55.52,56.080002,55.220001,55.720001,54.467369,976000
10/11/2019,55.52,56.540001,55.52,56.060001,54.799725,1024800
10/14/2019,55.82,56.330002,55.57,56.240002,54.975677,805500
10/15/2019,56.25,56.830002,55.970001,56.68,55.405785,1875200
10/16/2019,56.950001,56.950001,56.209999,56.32,55.053879,1260100
10/17/2019,56.580002,57.610001,56.369999,57,55.71859,1474300
10/18/2019,57.150002,57.150002,56.740002,56.98,55.699043,1572300
10/21/2019,57.18,57.310001,56.970001,57.16,55.874996,1352500
10/22/2019,57.360001,59.32,57.119999,59.299999,57.966885,2654000
10/23/2019,58.900002,59.560001,58.610001,59.470001,58.133064,1502100
10/24/2019,59.549999,59.720001,58.529999,58.900002,57.575882,1582000
10/25/2019,57.41,57.889999,56.060001,56.84,55.562187,3497200
10/28/2019,56.740002,57.130001,54.549999,54.57,53.343216,3442700
10/29/2019,54.66,54.990002,54.07,54.689999,53.460522,3482500
10/30/2019,52.970001,54.860001,51.900002,53,51.808514,4119100
10/31/2019,52.950001,53.209999,52.34,52.720001,51.534813,1963800
11/1/2019,52.790001,53.330002,52.580002,52.700001,51.515259,1455300
11/4/2019,53.130001,54.07,52.82,53.610001,52.404804,1275600
11/5/2019,53.849998,55.060001,53.650002,54.380001,53.157494,2068000
11/6/2019,54.720001,54.919998,54.119999,54.48,53.255245,1394200
11/7/2019,54.709999,55.060001,53.400002,53.509998,52.307049,1308500
11/8/2019,53.549999,53.84,53.189999,53.790001,52.580757,1061900
11/11/2019,53.740002,53.790001,53.049999,53.310001,52.111546,1035200
11/12/2019,53.5,53.529999,52.619999,52.669998,51.485931,1481300
11/13/2019,52.82,52.82,51.720001,51.950001,50.78212,1489500
11/14/2019,52.110001,52.220001,51.299999,51.299999,50.146729,1502200
11/15/2019,51.369999,52.720001,51.27,52.52,51.339306,1827200
11/18/2019,52.540001,52.84,51.830002,51.959999,50.791897,1169300
11/19/2019,51.970001,52.43,51.669998,52.41,51.231777,1071200
11/20/2019,52.459999,53.330002,52.299999,52.389999,51.212227,2192900
11/21/2019,52.389999,52.75,52.209999,52.549999,51.368633,1364700
11/22/2019,52.810001,53.029999,52.080002,52.279999,51.104702,802000
11/25/2019,51.73,52.599998,51.650002,52.419998,51.24155,1093800
11/26/2019,51.509998,52.099998,50.619999,51.060001,49.912128,2205400
11/27/2019,51.209999,51.450001,50.619999,50.73,49.589546,2356000
11/29/2019,50.700001,50.700001,50.220001,50.48,49.905907,696700
12/2/2019,50.419998,50.889999,50.299999,50.669998,50.093742,1759200
12/3/2019,50.560001,50.75,49.82,50.099998,49.530228,1635300
12/4/2019,50.130001,51.650002,50.099998,51.130001,50.548515,1881700
12/5/2019,51.07,51.349998,50.029999,50.349998,49.777382,1508300
12/6/2019,50.689999,51.200001,50.529999,51.060001,50.479313,1062200
12/9/2019,51.060001,51.630001,50.990002,51.529999,50.943966,1616000
12/10/2019,51.360001,51.439999,50.77,51.209999,50.627605,1694100
12/11/2019,51.48,51.560001,50.849998,51.169998,50.588058,1124500
12/12/2019,51.16,51.830002,51.080002,51.360001,50.775898,1326500
12/13/2019,51.560001,51.91,50.669998,50.810001,50.232155,1593500
12/16/2019,51.200001,52.200001,51,51.98,51.388847,2896800
12/17/2019,51.799999,52.619999,51.799999,52.450001,51.853504,1280000
12/18/2019,52.540001,52.970001,52.330002,52.950001,52.347816,2549400
12/19/2019,52.830002,53.450001,52.439999,53.25,52.644405,2803600
12/20/2019,53.959999,54.93,53.689999,53.860001,53.247467,6347500
12/23/2019,54.040001,54.25,52.860001,53.049999,52.446678,2770900
12/24/2019,52.970001,53.619999,52.82,53.279999,52.674061,747700
12/26/2019,53.279999,53.610001,53.209999,53.610001,53.000313,795000
12/27/2019,53.799999,53.970001,53.529999,53.830002,53.217812,1084800
12/30/2019,53.849998,53.970001,53.459999,53.779999,53.168377,1395400
12/31/2019,53.759998,54.040001,53.279999,53.900002,53.287014,1644600
1/2/2020,54.25,54.419998,53.09,53.540001,52.931107,1771400
1/3/2020,53.119999,53.470001,52.689999,53.380001,52.772926,1955300
1/6/2020,53.709999,54.98,53.549999,54.630001,54.008713,2429900
1/7/2020,54.389999,54.799999,54.130001,54.490002,53.870304,2385800
1/8/2020,54.619999,55.470001,54.080002,55.02,54.394276,1979000
1/9/2020,55.119999,55.189999,54.310001,54.959999,54.334957,1341100
1/10/2020,55.02,55.43,55,55.07,54.443707,1044500
1/13/2020,55.169998,55.389999,54.759998,55.389999,54.760067,1778800
1/14/2020,55.25,55.950001,55.060001,55.950001,55.313698,2209500
1/15/2020,55.630001,56.59,55.5,55.919998,55.284039,1251200
1/16/2020,55.939999,56.700001,55.740002,56.57,55.926647,1139000
1/17/2020,56.720001,57.060001,56.439999,56.57,55.926647,1020000
1/21/2020,56.32,56.790001,55.889999,56.5,55.857445,1495600
1/22/2020,56.450001,56.66,56.02,56.48,55.837669,941100
1/23/2020,56.209999,57.049999,55.959999,56.740002,56.094715,1267500
1/24/2020,56.889999,56.919998,55.560001,56.119999,55.481762,1415200
1/27/2020,55.299999,56.400002,55.27,55.939999,55.30381,1294000
1/28/2020,56.029999,56.57,55.889999,56.09,55.452106,1274300
1/29/2020,56.32,56.849998,56.119999,56.299999,55.659718,1043400
1/30/2020,56.099998,56.369999,55.73,56.259998,55.620171,1136400
1/31/2020,56.080002,56.169998,55.389999,55.580002,54.947906,3851300
2/3/2020,55.75,56.720001,55.740002,56.310001,55.669605,1656800
2/4/2020,56.869999,57.310001,56.82,56.91,56.262779,1382800
2/5/2020,57.029999,58.080002,57.029999,58.02,57.360157,1489100
2/6/2020,58.27,58.380001,57.5,57.5,56.846069,1257200
2/7/2020,57.099998,57.91,57.02,57.779999,57.122887,979300
2/10/2020,57.580002,58.049999,57.41,57.84,57.182205,1316000
2/11/2020,58.27,58.689999,57.880001,58.049999,57.389816,1890600
2/12/2020,61.09,61.939999,55.490002,55.5,54.868816,6471100
2/13/2020,55.279999,55.73,54.470001,55.360001,54.730408,2232900
2/14/2020,55.48,55.790001,54.880001,55.25,54.621658,2123400
2/18/2020,55.150002,55.450001,53.98,54.450001,53.830757,2385900
2/19/2020,54.380001,55.09,53.919998,54.880001,54.255867,1688600
2/20/2020,54.73,55.43,54.580002,55.41,54.779839,1113000
2/21/2020,55.029999,55.48,54.869999,55.290001,54.661205,1636700
2/24/2020,54.34,54.599998,53.470001,54.200001,53.583603,1706800
2/25/2020,54.169998,54.169998,51.400002,51.419998,50.835217,2277800
2/26/2020,51.540001,53.130001,51.419998,51.740002,51.151581,3070100
2/27/2020,50.799999,51.77,49,50.009998,49.44125,3142100
2/28/2020,48.709999,49.619999,47.619999,49.610001,49.045803,3090000
3/2/2020,49.610001,51.48,49.349998,51.48,50.894535,2477300
3/3/2020,51.400002,52.240002,49.709999,50.43,49.856476,1652700
3/4/2020,50.84,52.490002,50.57,52.48,51.88316,2162600
3/5/2020,50.91,51.470001,49.41,50.119999,49.549999,2352100
3/6/2020,48.16,49.43,47.16,48.040001,48.040001,3069500
3/9/2020,45.43,46,42.669998,43.009998,43.009998,3171200
3/10/2020,44.119999,45.189999,41.700001,43.889999,43.889999,2905700
3/11/2020,42.490002,43.220001,40.419998,40.939999,40.939999,2655300
3/12/2020,38.549999,39.240002,36.32,38.400002,38.400002,3960000
3/13/2020,40.450001,42.580002,37.849998,42.560001,42.560001,4338300
3/16/2020,37.5,44.220001,37.439999,41.849998,41.849998,3976300
3/17/2020,42.369999,44.380001,41.130001,43.990002,43.990002,4529600
3/18/2020,41.59,45.389999,38.509998,40.450001,40.450001,4106800
3/19/2020,39.990002,42.080002,37.34,38.509998,38.509998,2754200
3/20/2020,38.73,41.200001,36.57,36.939999,36.939999,4171300
3/23/2020,36.650002,37.27,34.009998,34.560001,34.560001,3005600
3/24/2020,36.330002,39.049999,36,37.470001,37.470001,3067600
3/25/2020,37.130001,39.279999,36.950001,37.540001,37.540001,3072100
3/26/2020,37.810001,38.900002,37.349998,38.619999,38.619999,2907600
3/27/2020,37.23,38.84,35.41,38.060001,38.060001,3070400
3/30/2020,38.16,40.73,37.07,40.299999,40.299999,2211200
3/31/2020,39.900002,40.700001,38.650002,39.009998,39.009998,2228900
4/1/2020,37.029999,38.369999,36.720001,37.849998,37.849998,1565200
4/2/2020,37.470001,40.220001,37.049999,40,40,2559400
4/3/2020,39.799999,41.540001,39.779999,41.009998,41.009998,1847000
4/6/2020,42.41,43.23,41.139999,42.900002,42.900002,2000100
4/7/2020,44.669998,45.23,43.450001,43.529999,43.529999,2121200
4/8/2020,43.740002,46.060001,43.560001,45.619999,45.619999,1708700
4/9/2020,45.869999,48.240002,45.709999,47.400002,47.400002,2077600
4/13/2020,47.240002,47.5,44.07,45.02,45.02,1689600
4/14/2020,45.66,47.279999,45.43,46.57,46.57,1816400
4/15/2020,45.509998,45.759998,43.450001,44.599998,44.599998,1579800
4/16/2020,44.82,44.82,42.41,43.169998,43.169998,2695700
4/17/2020,44.139999,44.759998,43.509998,44.380001,44.380001,2335200
4/20/2020,43.5,44.59,43.220001,43.490002,43.490002,1630800
4/21/2020,42.509998,42.779999,41.73,42.099998,42.099998,1830600
4/22/2020,42.900002,42.900002,41.849998,42.099998,42.099998,1453900
4/23/2020,42.209999,43.259998,41.799999,41.869999,41.869999,1500700
4/24/2020,42.07,43.220001,41.880001,43.029999,43.029999,1354800
4/27/2020,43.209999,44.84,42.970001,44.59,44.59,1647400
4/28/2020,46.130001,46.27,44.939999,45.439999,45.439999,2673600
4/29/2020,46.240002,47.240002,45.919998,46.169998,46.169998,3032700
4/30/2020,41.869999,42.82,40.549999,41.009998,41.009998,5457900
5/1/2020,40.310001,40.470001,38.830002,38.919998,38.919998,2659900
5/4/2020,38.5,38.799999,37.279999,38.189999,38.189999,2930700
5/5/2020,38.43,38.599998,37.439999,37.439999,37.439999,1993000
5/6/2020,37.880001,38.290001,37.150002,37.68,37.68,2020500
5/7/2020,38.139999,38.630001,37.150002,37.599998,37.599998,2050200
5/8/2020,38.369999,39.060001,37.959999,38.889999,38.889999,1594100
5/11/2020,38.599998,39.02,38.209999,38.540001,38.540001,1883500
5/12/2020,38.59,38.779999,37.689999,37.689999,37.689999,2103300
5/13/2020,37.34,37.419998,35.75,36.220001,36.220001,2382900
5/14/2020,35.560001,36.5,34.630001,36.290001,36.290001,2442500
5/15/2020,36.310001,36.959999,35.950001,36.349998,36.349998,1955300
5/18/2020,37.389999,38.82,37.389999,38.549999,38.549999,1873600
5/19/2020,38.5,38.639999,37.52,37.830002,37.830002,1478800
5/20/2020,38.279999,38.57,37.720001,37.889999,37.889999,1692100
5/21/2020,37.639999,37.880001,36.700001,36.790001,36.790001,5581700
5/22/2020,36.540001,37.130001,36.119999,36.830002,36.830002,2851300
5/26/2020,37.34,37.740002,36.369999,36.73,36.73,5742300
5/27/2020,37.630001,39.799999,37.310001,39.740002,39.740002,4859500
5/28/2020,40.349998,40.450001,38.27,38.349998,38.349998,2894800
5/29/2020,37.599998,38.040001,37.110001,37.959999,37.959999,3545200
6/1/2020,38.150002,38.400002,37.73,37.970001,37.970001,1907800
6/2/2020,38.619999,39.400002,38.299999,39.32,39.32,2103000
6/3/2020,40,41.59,39.900002,40.540001,40.540001,4122000
6/4/2020,40.599998,42.310001,40.41,42.310001,42.310001,7418200
6/5/2020,43.709999,44.290001,42.290001,42.400002,42.400002,2951300
6/8/2020,43.25,43.68,42.619999,43.369999,43.369999,2808500
6/9/2020,42.259998,42.529999,41.619999,41.75,41.75,2709100
6/10/2020,41.720001,41.73,39.470001,39.5,39.5,2091100
6/11/2020,38,38.5,36.380001,36.549999,36.549999,3151300
6/12/2020,37.650002,38.099998,36.75,38.049999,38.049999,3261200
6/15/2020,36.84,38.66,36.509998,38.259998,38.259998,2470200
6/16/2020,39.75,39.98,38.139999,39.799999,39.799999,4256800
6/17/2020,39.93,40.02,38.540001,38.77,38.77,2002000
6/18/2020,38.259998,39.299999,38.060001,39.080002,39.080002,1357100
6/19/2020,39.52,39.900002,37.919998,38.029999,38.029999,3881400
6/22/2020,37.810001,38.080002,37.27,37.950001,37.950001,1757300
6/23/2020,38.470001,38.529999,37.650002,37.970001,37.970001,1891200
6/24/2020,37.380001,37.419998,36.07,36.5,36.5,3022200
6/25/2020,36.139999,36.139999,35.02,35.580002,35.580002,3318100
6/26/2020,35.349998,35.419998,34.209999,34.43,34.43,3603500
6/29/2020,34.990002,35.700001,34.810001,35.419998,35.419998,2799900
6/30/2020,35.43,35.450001,33.549999,34.360001,34.360001,6523600
7/1/2020,34.529999,35.560001,34.009998,35.060001,35.060001,2926200
7/2/2020,35.720001,36.139999,35.16,35.34,35.34,1441200
7/6/2020,36,36.290001,35.150002,35.66,35.66,1564500
7/7/2020,35.16,35.349998,34.650002,34.66,34.66,2008800
7/8/2020,34.799999,35.119999,34.400002,34.740002,34.740002,2131200
7/9/2020,34.52,34.630001,33.18,33.25,33.25,2151200
7/10/2020,33.360001,34.700001,33.220001,34.66,34.66,1506700
7/13/2020,34.619999,34.740002,33.669998,34.32,34.32,2087000
7/14/2020,34.060001,35.220001,33.709999,35.080002,35.080002,1805600
7/15/2020,35.830002,36.580002,35.580002,35.77,35.77,2148700
7/16/2020,35.669998,36.450001,35.48,36.07,36.07,1213200
7/17/2020,36.009998,36.400002,35.669998,36.080002,36.080002,1492100
7/20/2020,35.919998,35.919998,34.790001,35,35,1856900
7/21/2020,35.310001,36.240002,35.310001,35.849998,35.849998,1816000
